STT,YearStudy,TermID,DepartmentID,CurriculumID,ProfessorID,SLSV_lechden3ruoi,SLSV_lechtren3ruoiden5,SLSV_lechtren5,SLSV,phtram_lechden3ruoi,phtram_lechtren3ruoiden5,phtram_lechtren5,CanhBao
1021,2015-2016,HK01,2207,FIMA430807,4600C,31,53,11,95,32.6,55.8,11.6,Cảnh báo điểm QT cao nhiều so với điểm thi
1022,2015-2016,HK01,2207,FIMA430807,4083,26,0,1,27,96.3,0.0,3.7,
1023,2015-2016,HK01,2207,FIMA431907,4600C,16,0,0,16,100.0,0.0,0.0,
1024,2015-2016,HK01,2207,INBU220207,3891,53,2,0,55,96.4,3.6,0.0,
1025,2015-2016,HK01,2207,MAAC430507,415,127,41,15,183,69.4,22.4,8.2,
1026,2015-2016,HK01,2207,MAAC430507,4806,31,3,0,34,91.2,8.8,0.0,
1027,2015-2016,HK01,2207,PRAC240407,714,49,3,0,52,94.2,5.8,0.0,
1028,2015-2016,HK01,2207,PRAC240407,2088,18,0,1,19,94.7,0.0,5.3,
1029,2015-2016,HK01,2207,PRSK320705,415,99,0,0,99,100.0,0.0,0.0,
1030,2015-2016,HK01,2207,PRSK320705,2141,47,0,0,47,100.0,0.0,0.0,
1031,2015-2016,HK01,2207,PRSK320705,1070,59,0,0,59,100.0,0.0,0.0,
1032,2015-2016,HK01,2207,PRSK320705,9317,27,0,0,27,100.0,0.0,0.0,
1033,2015-2016,HK01,2207,SEMA430807,3891,97,1,0,98,99.0,1.0,0.0,
1034,2015-2016,HK01,2207,SEMA430807,4580,16,0,0,16,100.0,0.0,0.0,
1035,2015-2016,HK01,2207,TAPO330407,501,108,0,0,108,100.0,0.0,0.0,
84,2014-2015,HK01,146,1246080,1188,56,1,0,57,98.2,1.8,0.0,
85,2014-2015,HK01,146,1246080,7041,70,0,0,70,100.0,0.0,0.0,
86,2014-2015,HK01,146,1246120,7041,86,0,0,86,100.0,0.0,0.0,
87,2014-2015,HK01,146,1246130,9290,49,1,0,50,98.0,2.0,0.0,
88,2014-2015,HK01,146,1246190,9988,120,0,0,120,100.0,0.0,0.0,
89,2014-2015,HK01,146,1246200,2922,11,0,0,11,100.0,0.0,0.0,
90,2014-2015,HK01,146,1246220,9290,46,0,0,46,100.0,0.0,0.0,
91,2014-2015,HK01,146,1246240,1177,38,5,3,46,82.6,10.9,6.5,
92,2014-2015,HK01,146,1263060,9202,58,2,3,63,92.1,3.2,4.8,
93,2014-2015,HK01,146,1263143,9290,33,1,0,34,97.1,2.9,0.0,
94,2014-2015,HK01,146,1263143,9986,57,0,0,57,100.0,0.0,0.0,
95,2014-2015,HK01,146,ACSY330346,9202,61,13,4,78,78.2,16.7,5.1,
96,2014-2015,HK01,146,ACSY330346,1204,74,10,2,86,86.0,11.6,2.3,
97,2014-2015,HK01,146,ACSY330346,181,88,4,0,92,95.7,4.3,0.0,
98,2014-2015,HK01,146,ACSY330346,1006,30,0,0,30,100.0,0.0,0.0,
99,2014-2015,HK01,146,PLCS330846,6002,83,14,1,98,84.7,14.3,1.0,
100,2014-2015,HK01,146,ROBO320246,609,59,2,0,61,96.7,3.3,0.0,
101,2014-2015,HK01,146,ROBO320246,46,30,0,0,30,100.0,0.0,0.0,
102,2014-2015,HK01,162,1162010,2203,57,13,10,80,71.3,16.3,12.5,
103,2014-2015,HK01,162,1162011,2203,57,3,0,60,95.0,5.0,0.0,
104,2014-2015,HK01,162,1162090,2009,20,0,0,20,100.0,0.0,0.0,
105,2014-2015,HK01,162,1162112,9401,71,3,0,74,95.9,4.1,0.0,
106,2014-2015,HK01,162,1262020,2202,95,0,0,95,100.0,0.0,0.0,
107,2014-2015,HK01,162,1263340,1045,140,2,0,142,98.6,1.4,0.0,
108,2014-2015,HK01,162,BAEL340662,2203,12,7,0,19,63.2,36.8,0.0,
109,2014-2015,HK01,162,BAEL340662,9401,49,15,2,66,74.2,22.7,3.0,
110,2014-2015,HK01,162,BAEL340662,9909,76,15,0,91,83.5,16.5,0.0,
111,2014-2015,HK01,162,BAEL340662,1180,91,15,2,108,84.3,13.9,1.9,
112,2014-2015,HK01,162,BAEL340662,9260,172,16,0,188,91.5,8.5,0.0,
113,2014-2015,HK01,162,BAEL340662,1045,93,8,2,103,90.3,7.8,1.9,
114,2014-2015,HK01,162,BAEL340662,2103,28,1,0,29,96.6,3.4,0.0,
115,2014-2015,HK01,162,EEEN234062,2194,151,36,6,193,78.2,18.7,3.1,
116,2014-2015,HK01,162,EEEN234062,269,86,7,0,93,92.5,7.5,0.0,
117,2014-2015,HK01,162,EEEN234062,46,32,1,0,33,97.0,3.0,0.0,
118,2014-2015,HK01,162,EEEN234062,2132,46,1,1,48,95.8,2.1,2.1,
119,2014-2015,HK01,162,EEEN234062,1016,57,1,0,58,98.3,1.7,0.0,
120,2014-2015,HK01,162,EEEN234062,9401,34,0,0,34,100.0,0.0,0.0,
121,2014-2015,HK01,162,EEEN234162,2203,13,26,13,52,25.0,50.0,25.0,Cảnh báo điểm QT cao nhiều so với điểm thi
122,2014-2015,HK01,162,EEEN234162,1018,7,14,21,42,16.7,33.3,50.0,Cảnh báo điểm QT cao nhiều so với điểm thi
123,2014-2015,HK01,162,EEEN234162,9318,90,1,0,91,98.9,1.1,0.0,
124,2014-2015,HK01,162,POEL330262,395,62,30,13,105,59.0,28.6,12.4,Cảnh báo điểm QT cao nhiều so với điểm thi
125,2014-2015,HK01,162,POEL330262,9985,121,17,6,144,84.0,11.8,4.2,
126,2014-2015,HK01,162,POEL330262,2135,94,8,2,104,90.4,7.7,1.9,
127,2014-2015,HK01,162,POEL330262,1011,19,0,0,19,100.0,0.0,0.0,
128,2014-2015,HK01,163,1146050,9259,211,18,2,231,91.3,7.8,0.9,
129,2014-2015,HK01,163,1146050,1184,155,3,0,158,98.1,1.9,0.0,
130,2014-2015,HK01,163,1163010,395,18,0,0,18,100.0,0.0,0.0,
131,2014-2015,HK01,163,1163100,9993,88,4,0,92,95.7,4.3,0.0,
132,2014-2015,HK01,163,1163130,9259,32,0,0,32,100.0,0.0,0.0,
133,2014-2015,HK01,163,1245160,1016,30,2,0,32,93.8,6.3,0.0,
134,2014-2015,HK01,163,1245160,1007,22,0,0,22,100.0,0.0,0.0,
135,2014-2015,HK01,163,1246110,7040,84,0,0,84,100.0,0.0,0.0,
136,2014-2015,HK01,163,1246110,1021,60,0,0,60,100.0,0.0,0.0,
137,2014-2015,HK01,163,1263112,7040,27,0,0,27,100.0,0.0,0.0,
138,2014-2015,HK01,163,1263113,7040,128,3,0,131,97.7,2.3,0.0,
139,2014-2015,HK01,163,1263240,1218,140,0,0,140,100.0,0.0,0.0,
140,2014-2015,HK01,163,1263250,1019,32,3,1,36,88.9,8.3,2.8,
141,2014-2015,HK01,163,1263321,2193,17,0,0,17,100.0,0.0,0.0,
142,2014-2015,HK01,163,1263470,4122,26,0,0,26,100.0,0.0,0.0,
143,2014-2015,HK01,163,1263490,2193,73,18,15,106,68.9,17.0,14.2,
144,2014-2015,HK01,163,1264010,2193,24,20,14,58,41.4,34.5,24.1,Cảnh báo điểm QT cao nhiều so với điểm thi
145,2014-2015,HK01,163,AUVI331563,2193,11,9,7,27,40.7,33.3,25.9,Cảnh báo điểm QT cao nhiều so với điểm thi
146,2014-2015,HK01,163,DIGI330163,4721,46,32,47,125,36.8,25.6,37.6,Cảnh báo điểm QT cao nhiều so với điểm thi
77,2014-2015,HK02,146,PLCS330846,1177,116,8,2,126,92.1,6.3,1.6,
78,2014-2015,HK02,146,PLCS330846,1188,34,0,0,34,100.0,0.0,0.0,
79,2014-2015,HK02,162,1162111,2203,56,10,3,69,81.2,14.5,4.3,
80,2014-2015,HK02,162,1162112,2203,51,8,0,59,86.4,13.6,0.0,
81,2014-2015,HK02,162,BAEL340662,2103,16,15,8,39,41.0,38.5,20.5,Cảnh báo điểm QT cao nhiều so với điểm thi
82,2014-2015,HK02,162,BAEL340662,2009,15,6,2,23,65.2,26.1,8.7,
83,2014-2015,HK02,162,BAEL340662,9401,67,17,6,90,74.4,18.9,6.7,
84,2014-2015,HK02,162,BAEL340662,2203,26,6,0,32,81.3,18.8,0.0,
85,2014-2015,HK02,162,BAEL340662,1045,147,28,4,179,82.1,15.6,2.2,
86,2014-2015,HK02,162,BAEL340662,1180,152,23,0,175,86.9,13.1,0.0,
87,2014-2015,HK02,162,BAEL340662,9260,78,9,0,87,89.7,10.3,0.0,
88,2014-2015,HK02,162,EEEN234062,269,100,0,0,100,100.0,0.0,0.0,
89,2014-2015,HK02,162,EEEN234162,1018,72,9,0,81,88.9,11.1,0.0,
90,2014-2015,HK02,162,POEL330262,395,88,48,49,185,47.6,25.9,26.5,Cảnh báo điểm QT cao nhiều so với điểm thi
91,2014-2015,HK02,162,POEL330262,2951,41,20,19,80,51.3,25.0,23.8,Cảnh báo điểm QT cao nhiều so với điểm thi
92,2014-2015,HK02,162,POEL330262,9985,108,38,27,173,62.4,22.0,15.6,
93,2014-2015,HK02,162,POEL330262,2135,121,33,6,160,75.6,20.6,3.8,
94,2014-2015,HK02,162,POEL330262,1016,33,2,0,35,94.3,5.7,0.0,
95,2014-2015,HK02,162,POEL330262,1011,13,0,0,13,100.0,0.0,0.0,
96,2014-2015,HK02,163,1146050,9259,68,26,1,95,71.6,27.4,1.1,
97,2014-2015,HK02,163,1146050,1218,24,6,0,30,80.0,20.0,0.0,
98,2014-2015,HK02,163,1163100,1019,24,12,1,37,64.9,32.4,2.7,
99,2014-2015,HK02,163,1263113,9259,28,1,0,29,96.6,3.4,0.0,
100,2014-2015,HK02,163,1263113,7040,13,0,0,13,100.0,0.0,0.0,
101,2014-2015,HK02,163,1263240,1218,70,0,0,70,100.0,0.0,0.0,
102,2014-2015,HK02,163,1263250,1019,32,9,4,45,71.1,20.0,8.9,
103,2014-2015,HK02,163,1263422,9986,69,0,0,69,100.0,0.0,0.0,
104,2014-2015,HK02,163,1263440,343,20,0,2,22,90.9,0.0,9.1,
105,2014-2015,HK02,163,1263490,2193,65,7,0,72,90.3,9.7,0.0,
106,2014-2015,HK02,163,ADMI320763,9259,42,0,0,42,100.0,0.0,0.0,
107,2014-2015,HK02,163,DIGI330163,9909,26,20,13,59,44.1,33.9,22.0,Cảnh báo điểm QT cao nhiều so với điểm thi
108,2014-2015,HK02,163,DIGI330163,1014,40,24,19,83,48.2,28.9,22.9,Cảnh báo điểm QT cao nhiều so với điểm thi
109,2014-2015,HK02,163,DIGI330163,2193,58,24,17,99,58.6,24.2,17.2,Cảnh báo điểm QT cao nhiều so với điểm thi
110,2014-2015,HK02,163,DIGI330163,1016,70,22,5,97,72.2,22.7,5.2,
111,2014-2015,HK02,163,DIGI330163,9602,141,44,27,212,66.5,20.8,12.7,
112,2014-2015,HK02,163,DIGI330163,9993,278,40,18,336,82.7,11.9,5.4,
113,2014-2015,HK02,163,DIGI330163,4721,72,10,5,87,82.8,11.5,5.7,
114,2014-2015,HK02,163,DIGI330163,1177,131,11,7,149,87.9,7.4,4.7,
115,2014-2015,HK02,163,DIGI330163,2204,49,0,0,49,100.0,0.0,0.0,
116,2014-2015,HK02,163,DSIC330563,1021,246,15,4,265,92.8,5.7,1.5,
117,2014-2015,HK02,163,DSIC330563,2080,14,0,0,14,100.0,0.0,0.0,
118,2014-2015,HK02,163,IMPR432463,2193,16,5,3,24,66.7,20.8,12.5,
119,2014-2015,HK02,163,IMPR432463,4721,68,11,4,83,81.9,13.3,4.8,
120,2014-2015,HK02,163,IMPR432463,390,54,1,0,55,98.2,1.8,0.0,
121,2014-2015,HK02,163,MICR330363,9909,41,29,16,86,47.7,33.7,18.6,Cảnh báo điểm QT cao nhiều so với điểm thi
122,2014-2015,HK02,163,MICR330363,9259,101,12,0,113,89.4,10.6,0.0,
123,2014-2015,HK02,163,MICR330363,1218,84,4,0,88,95.5,4.5,0.0,
124,2014-2015,HK02,163,MICR330363,1184,162,2,0,164,98.8,1.2,0.0,
125,2014-2015,HK02,164,1164091,1178,12,1,0,13,92.3,7.7,0.0,
126,2014-2015,HK02,164,1164091,206,22,0,0,22,100.0,0.0,0.0,
127,2014-2015,HK02,164,1264062,4030,36,0,0,36,100.0,0.0,0.0,
128,2014-2015,HK02,164,1264063,2206,28,0,0,28,100.0,0.0,0.0,
129,2014-2015,HK02,164,1264072,2953,9,0,0,9,100.0,0.0,0.0,
130,2014-2015,HK02,164,1264131,4030,22,1,0,23,95.7,4.3,0.0,
131,2014-2015,HK02,164,1264150,2080,19,1,0,20,95.0,5.0,0.0,
132,2014-2015,HK02,164,1264160,9164,13,0,0,13,100.0,0.0,0.0,
133,2014-2015,HK02,164,1264170,438,57,0,0,57,100.0,0.0,0.0,
134,2014-2015,HK02,164,1264201,9164,9,0,0,9,100.0,0.0,0.0,
135,2014-2015,HK02,164,1264312,2148,15,0,0,15,100.0,0.0,0.0,
136,2014-2015,HK02,164,1264340,390,15,2,1,18,83.3,11.1,5.6,
137,2014-2015,HK02,164,1264480,2953,18,0,0,18,100.0,0.0,0.0,
138,2014-2015,HK02,164,AWPR330964,4016,14,17,12,43,32.6,39.5,27.9,Cảnh báo điểm QT cao nhiều so với điểm thi
139,2014-2015,HK02,164,AWPR330964,2953,109,21,0,130,83.8,16.2,0.0,
140,2014-2015,HK02,164,BMIE330364,2206,73,20,10,103,70.9,19.4,9.7,
141,2014-2015,HK02,164,BMIE330364,206,22,0,0,22,100.0,0.0,0.0,
142,2014-2015,HK02,164,COAR335364,4016,40,1,0,41,97.6,2.4,0.0,
143,2014-2015,HK02,164,COAR335364,2200,12,0,0,12,100.0,0.0,0.0,
144,2014-2015,HK02,164,COEL330264,9254,146,77,43,266,54.9,28.9,16.2,Cảnh báo điểm QT cao nhiều so với điểm thi
145,2014-2015,HK02,164,COEL330264,2204,81,2,0,83,97.6,2.4,0.0,
146,2014-2015,HK02,164,COEL330264,206,74,0,0,74,100.0,0.0,0.0,
147,2014-2015,HK02,164,CONE337764,9164,117,6,0,123,95.1,4.9,0.0,
148,2014-2015,HK02,164,CONE337764,4124,24,0,1,25,96.0,0.0,4.0,
149,2014-2015,HK02,164,CONE345464,4124,16,0,0,16,100.0,0.0,0.0,
150,2014-2015,HK02,164,CONE345464,361,55,0,0,55,100.0,0.0,0.0,
151,2014-2015,HK02,164,DACO430664,4016,27,0,0,27,100.0,0.0,0.0,
710,2014-2015,HK02,1702,PHYS120202,3871,204,120,70,394,51.8,30.5,17.8,Cảnh báo điểm QT cao nhiều so với điểm thi
711,2014-2015,HK02,1702,PHYS120202,9923,97,107,149,353,27.5,30.3,42.2,Cảnh báo điểm QT cao nhiều so với điểm thi
712,2014-2015,HK02,1702,PHYS120202,229,83,50,33,166,50.0,30.1,19.9,Cảnh báo điểm QT cao nhiều so với điểm thi
713,2014-2015,HK02,1702,PHYS120202,9230,135,84,63,282,47.9,29.8,22.3,Cảnh báo điểm QT cao nhiều so với điểm thi
714,2014-2015,HK02,1702,PHYS120202,9955,193,110,121,424,45.5,25.9,28.5,Cảnh báo điểm QT cao nhiều so với điểm thi
715,2014-2015,HK02,1702,PHYS120202,9236,135,52,30,217,62.2,24.0,13.8,
716,2014-2015,HK02,1702,PHYS120202,9162,115,51,81,247,46.6,20.6,32.8,Cảnh báo điểm QT cao nhiều so với điểm thi
717,2014-2015,HK02,1702,PHYS120202,9019,276,58,21,355,77.7,16.3,5.9,
718,2014-2015,HK02,1702,PHYS130102,48,17,22,12,51,33.3,43.1,23.5,Cảnh báo điểm QT cao nhiều so với điểm thi
719,2014-2015,HK02,1702,PHYS130102,4570,56,70,75,201,27.9,34.8,37.3,Cảnh báo điểm QT cao nhiều so với điểm thi
720,2014-2015,HK02,1702,PHYS130102,3955,63,56,42,161,39.1,34.8,26.1,Cảnh báo điểm QT cao nhiều so với điểm thi
721,2014-2015,HK02,1702,PHYS130102,3816,109,72,37,218,50.0,33.0,17.0,Cảnh báo điểm QT cao nhiều so với điểm thi
722,2014-2015,HK02,1702,PHYS130102,9234,24,30,37,91,26.4,33.0,40.7,Cảnh báo điểm QT cao nhiều so với điểm thi
723,2014-2015,HK02,1702,PHYS130102,249,61,68,78,207,29.5,32.9,37.7,Cảnh báo điểm QT cao nhiều so với điểm thi
724,2014-2015,HK02,1702,PHYS130102,9281,228,150,83,461,49.5,32.5,18.0,Cảnh báo điểm QT cao nhiều so với điểm thi
725,2014-2015,HK02,1702,PHYS130102,388,18,11,6,35,51.4,31.4,17.1,Cảnh báo điểm QT cao nhiều so với điểm thi
726,2014-2015,HK02,1702,PHYS130102,229,53,26,7,86,61.6,30.2,8.1,
727,2014-2015,HK02,1702,PHYS130102,9923,86,91,127,304,28.3,29.9,41.8,Cảnh báo điểm QT cao nhiều so với điểm thi
728,2014-2015,HK02,1702,PHYS130102,698,74,47,49,170,43.5,27.6,28.8,Cảnh báo điểm QT cao nhiều so với điểm thi
729,2014-2015,HK02,1702,PHYS130102,565,56,38,44,138,40.6,27.5,31.9,Cảnh báo điểm QT cao nhiều so với điểm thi
730,2014-2015,HK02,1702,PHYS130102,2988,30,11,11,52,57.7,21.2,21.2,Cảnh báo điểm QT cao nhiều so với điểm thi
731,2014-2015,HK02,1702,PHYS130102,279,30,23,69,122,24.6,18.9,56.6,Cảnh báo điểm QT cao nhiều so với điểm thi
732,2014-2015,HK02,1879,1279040,2150,58,0,0,58,100.0,0.0,0.0,
733,2014-2015,HK02,1879,1279220,640,18,5,0,23,78.3,21.7,0.0,
734,2014-2015,HK02,1879,1279220,562,86,0,0,86,100.0,0.0,0.0,
735,2014-2015,HK02,1879,1279230,2234,22,0,0,22,100.0,0.0,0.0,
736,2014-2015,HK02,1879,1279230,9079,71,0,0,71,100.0,0.0,0.0,
737,2014-2015,HK02,1879,1279250,562,46,0,0,46,100.0,0.0,0.0,
738,2014-2015,HK02,1879,CLCO432779,22,156,19,2,177,88.1,10.7,1.1,
739,2014-2015,HK02,1879,INSE340379,3995,44,12,17,73,60.3,16.4,23.3,
740,2014-2015,HK02,1879,INSE340379,9085,100,6,6,112,89.3,5.4,5.4,
741,2014-2015,HK02,1879,MOPR331279,2150,110,0,0,110,100.0,0.0,0.0,
742,2014-2015,HK02,1879,OOSD330879,9153,84,8,0,92,91.3,8.7,0.0,
743,2014-2015,HK02,1879,OOSD330879,22,13,0,0,13,100.0,0.0,0.0,
744,2014-2015,HK02,1879,SOEN340679,24,41,3,1,45,91.1,6.7,2.2,
745,2014-2015,HK02,1879,WESE431479,3995,81,4,0,85,95.3,4.7,0.0,
746,2014-2015,HK02,1879,WESE431479,1290,14,0,0,14,100.0,0.0,0.0,
747,2014-2015,HK02,1879,WIPR240579,2150,180,0,0,180,100.0,0.0,0.0,
748,2014-2015,HK02,1880,1280040,3984,52,17,4,73,71.2,23.3,5.5,
749,2014-2015,HK02,1880,ADNT330580,9732,35,1,0,36,97.2,2.8,0.0,
750,2014-2015,HK02,1880,ADNT330580,4124,16,0,0,16,100.0,0.0,0.0,
751,2014-2015,HK02,1880,CAAL240180,9979,122,23,0,145,84.1,15.9,0.0,
752,2014-2015,HK02,1880,DCTE330480,9979,44,7,1,52,84.6,13.5,1.9,
753,2014-2015,HK02,1880,ESYS431080,9979,130,0,0,130,100.0,0.0,0.0,
754,2014-2015,HK02,1880,NEES340380,9732,52,1,0,53,98.1,1.9,0.0,
755,2014-2015,HK02,1880,OPSY340280,9104,11,10,31,52,21.2,19.2,59.6,Cảnh báo điểm QT cao nhiều so với điểm thi
756,2014-2015,HK02,1880,UNOS330680,1138,30,12,5,47,63.8,25.5,10.6,
757,2014-2015,HK02,1881,1081021,2234,48,18,45,111,43.2,16.2,40.5,Cảnh báo điểm QT cao nhiều so với điểm thi
758,2014-2015,HK02,1881,1081021,9104,78,14,5,97,80.4,14.4,5.2,
759,2014-2015,HK02,1881,1081021,3995,41,7,9,57,71.9,12.3,15.8,
760,2014-2015,HK02,1881,1081021,2149,45,6,1,52,86.5,11.5,1.9,
761,2014-2015,HK02,1881,1081021,3984,41,5,0,46,89.1,10.9,0.0,
762,2014-2015,HK02,1881,1081021,9163,40,5,1,46,87.0,10.9,2.2,
763,2014-2015,HK02,1881,1081021,562,35,5,7,47,74.5,10.6,14.9,
764,2014-2015,HK02,1881,1081021,298,35,4,2,41,85.4,9.8,4.9,
765,2014-2015,HK02,1881,1081021,2151,16,1,0,17,94.1,5.9,0.0,
766,2014-2015,HK02,1881,DASA240179,24,34,15,5,54,63.0,27.8,9.3,
767,2014-2015,HK02,1881,DASA240179,562,23,6,2,31,74.2,19.4,6.5,
768,2014-2015,HK02,1881,DASA240179,23,52,5,1,58,89.7,8.6,1.7,
769,2014-2015,HK02,1884,1284212,2149,34,0,0,34,100.0,0.0,0.0,
770,2014-2015,HK02,1884,1284213,9153,27,2,0,29,93.1,6.9,0.0,
771,2014-2015,HK02,1884,DAMI330484,3984,39,6,0,45,86.7,13.3,0.0,
772,2014-2015,HK02,1884,DBMS340284,1147,26,0,0,26,100.0,0.0,0.0,
152,2014-2015,HK02,164,DSPR431264,390,39,11,4,54,72.2,20.4,7.4,
153,2014-2015,HK02,164,DSPR431264,2206,78,8,0,86,90.7,9.3,0.0,
154,2014-2015,HK02,164,DSPR431264,984,132,9,2,143,92.3,6.3,1.4,
155,2014-2015,HK02,164,DSPR431264,9385,212,3,1,216,98.1,1.4,0.5,
156,2014-2015,HK02,164,EMSY427764,2080,193,1,0,194,99.5,0.5,0.0,
157,2014-2015,HK02,164,EMSY427764,2200,39,0,0,39,100.0,0.0,0.0,
158,2014-2015,HK02,164,EMSY427764,438,81,0,0,81,100.0,0.0,0.0,
159,2014-2015,HK02,164,EMSY435664,2200,46,1,0,47,97.9,2.1,0.0,
1,2015-2016,HK01,144,EEMA320544,2202,239,60,14,313,76.4,19.2,4.5,
2,2015-2016,HK01,144,EEMA320544,1032,133,4,0,137,97.1,2.9,0.0,
3,2015-2016,HK01,144,ELCI140144,1207,67,77,61,205,32.7,37.6,29.8,Cảnh báo điểm QT cao nhiều so với điểm thi
4,2015-2016,HK01,144,ELCI140144,1023,263,131,41,435,60.5,30.1,9.4,
5,2015-2016,HK01,144,ELCI140144,2922,6,9,15,30,20.0,30.0,50.0,Cảnh báo điểm QT cao nhiều so với điểm thi
6,2015-2016,HK01,144,ELCI140144,1142,66,61,86,213,31.0,28.6,40.4,Cảnh báo điểm QT cao nhiều so với điểm thi
7,2015-2016,HK01,144,ELEN232044,2143,134,24,12,170,78.8,14.1,7.1,
8,2015-2016,HK01,144,ELEQ220944,269,74,0,0,74,100.0,0.0,0.0,
9,2015-2016,HK01,144,ELFI220344,2202,62,1,0,63,98.4,1.6,0.0,
10,2015-2016,HK01,144,ELIN320444,6304,70,28,12,110,63.6,25.5,10.9,
11,2015-2016,HK01,144,ELIN320444,4710,31,3,0,34,91.2,8.8,0.0,
12,2015-2016,HK01,144,ELIN320444,1032,279,19,1,299,93.3,6.4,0.3,
13,2015-2016,HK01,144,ELMA240344,4710,35,1,0,36,97.2,2.8,0.0,
14,2015-2016,HK01,144,ELMA340344,269,45,48,42,135,33.3,35.6,31.1,Cảnh báo điểm QT cao nhiều so với điểm thi
15,2015-2016,HK01,144,ELMA340344,2205,105,48,16,169,62.1,28.4,9.5,
16,2015-2016,HK01,144,ELMA340344,2133,13,19,35,67,19.4,28.4,52.2,Cảnh báo điểm QT cao nhiều so với điểm thi
17,2015-2016,HK01,144,ELMA340344,2922,22,2,0,24,91.7,8.3,0.0,
18,2015-2016,HK01,144,ELMA340344,1024,24,0,0,24,100.0,0.0,0.0,
19,2015-2016,HK01,144,EMAP240944,6304,65,3,6,74,87.8,4.1,8.1,
20,2015-2016,HK01,144,EMCE321744,4710,48,1,2,51,94.1,2.0,3.9,
21,2015-2016,HK01,144,EMIN130244,37,30,7,4,41,73.2,17.1,9.8,
22,2015-2016,HK01,144,EMIN230244,9319,156,36,5,197,79.2,18.3,2.5,
23,2015-2016,HK01,144,EMIN230244,1208,33,1,0,34,97.1,2.9,0.0,
24,2015-2016,HK01,144,EMIN330244,9319,139,57,13,209,66.5,27.3,6.2,
25,2015-2016,HK01,144,EMIN330244,37,30,8,6,44,68.2,18.2,13.6,
26,2015-2016,HK01,144,EMIN330244,1207,27,1,0,28,96.4,3.6,0.0,
27,2015-2016,HK01,144,EMIN330244,1208,346,5,1,352,98.3,1.4,0.3,
28,2015-2016,HK01,144,SEMA321644,269,33,0,0,33,100.0,0.0,0.0,
29,2015-2016,HK01,144,SEMA321644,1024,10,0,0,10,100.0,0.0,0.0,
30,2015-2016,HK01,145,1245210,2110,41,0,0,41,100.0,0.0,0.0,
31,2015-2016,HK01,145,1245230,9119,34,0,0,34,100.0,0.0,0.0,
32,2015-2016,HK01,145,ELCD321545,1007,95,52,8,155,61.3,33.5,5.2,
33,2015-2016,HK01,145,ELDR330545,7036,88,30,8,126,69.8,23.8,6.3,
34,2015-2016,HK01,145,ELDR330545,1007,23,0,0,23,100.0,0.0,0.0,
35,2015-2016,HK01,145,ELPS330345,2091,254,15,0,269,94.4,5.6,0.0,
36,2015-2016,HK01,145,ELPS330345,1002,125,7,0,132,94.7,5.3,0.0,
37,2015-2016,HK01,145,ELPS330345,1178,47,2,0,49,95.9,4.1,0.0,
38,2015-2016,HK01,145,ELPS330345,2110,125,1,0,126,99.2,0.8,0.0,
39,2015-2016,HK01,145,ELSA320245,37,49,3,0,52,94.2,5.8,0.0,
40,2015-2016,HK01,145,ELSA320245,2110,57,1,0,58,98.3,1.7,0.0,
41,2015-2016,HK01,145,ELSA320245,1003,646,1,0,647,99.8,0.2,0.0,
42,2015-2016,HK01,145,ELSA320245,1002,136,0,0,136,100.0,0.0,0.0,
43,2015-2016,HK01,145,ELSA320245,1178,120,0,0,120,100.0,0.0,0.0,
44,2015-2016,HK01,145,IDMA322245,1007,101,6,0,107,94.4,5.6,0.0,
45,2015-2016,HK01,145,LTRI321345,7037,17,0,0,17,100.0,0.0,0.0,
46,2015-2016,HK01,145,PAEE321845,7037,73,12,2,87,83.9,13.8,2.3,
47,2015-2016,HK01,145,PJMA322345,1007,284,24,3,311,91.3,7.7,1.0,
48,2015-2016,HK01,145,POSY330445,9255,31,0,0,31,100.0,0.0,0.0,
49,2015-2016,HK01,145,PPTS421645,9255,53,1,0,54,98.1,1.9,0.0,
50,2015-2016,HK01,145,PSAS430845,9255,208,1,0,209,99.5,0.5,0.0,
51,2015-2016,HK01,145,RENE321745,7037,22,0,0,22,100.0,0.0,0.0,
52,2015-2016,HK01,145,RPAE320745,4690,215,11,2,228,94.3,4.8,0.9,
53,2015-2016,HK01,145,RPAE320745,4694,68,2,0,70,97.1,2.9,0.0,
54,2015-2016,HK01,145,RPAE320745,9255,72,0,0,72,100.0,0.0,0.0,
55,2015-2016,HK01,145,RPSA322145,2110,146,1,0,147,99.3,0.7,0.0,
56,2015-2016,HK01,145,SCDA420946,1011,34,5,1,40,85.0,12.5,2.5,
57,2015-2016,HK01,145,SCDA420946,9988,158,13,3,174,90.8,7.5,1.7,
58,2015-2016,HK01,145,SCDA420946,1188,35,0,0,35,100.0,0.0,0.0,
59,2015-2016,HK01,146,1146060,1179,81,2,0,83,97.6,2.4,0.0,
60,2015-2016,HK01,146,1246220,9988,43,1,0,44,97.7,2.3,0.0,
61,2015-2016,HK01,146,AACS320546,1006,31,0,0,31,100.0,0.0,0.0,
62,2015-2016,HK01,146,ACSY330346,1204,174,8,1,183,95.1,4.4,0.5,
63,2015-2016,HK01,146,ACSY330346,1006,31,0,0,31,100.0,0.0,0.0,
160,2014-2015,HK02,164,OPSY345264,9983,60,0,0,60,100.0,0.0,0.0,
161,2014-2015,HK02,164,PRIN337664,390,54,18,3,75,72.0,24.0,4.0,
162,2014-2015,HK02,164,PRIN337664,438,31,5,3,39,79.5,12.8,7.7,
163,2014-2015,HK02,164,PRIN337664,361,63,6,1,70,90.0,8.6,1.4,
164,2014-2015,HK02,164,PRLA345164,438,14,1,0,15,93.3,6.7,0.0,
165,2014-2015,HK02,164,PRLA345164,361,96,1,1,98,98.0,1.0,1.0,
166,2014-2015,HK02,164,SISY330164,9385,76,0,0,76,100.0,0.0,0.0,
64,2015-2016,HK01,146,CADA321646,608,40,0,0,40,100.0,0.0,0.0,
65,2015-2016,HK01,146,CADA321646,1179,24,0,0,24,100.0,0.0,0.0,
66,2015-2016,HK01,146,DPLC431046,9988,32,1,0,33,97.0,3.0,0.0,
67,2015-2016,HK01,146,DPLC431046,9290,60,0,0,60,100.0,0.0,0.0,
68,2015-2016,HK01,146,IMPR322046,2922,78,0,0,78,100.0,0.0,0.0,
69,2015-2016,HK01,146,INCO321546,608,16,1,0,17,94.1,5.9,0.0,
70,2015-2016,HK01,146,INCO321546,9202,16,0,0,16,100.0,0.0,0.0,
71,2015-2016,HK01,146,MASC220146,9202,98,4,0,102,96.1,3.9,0.0,
72,2015-2016,HK01,146,PLCN422946,1177,18,5,2,25,72.0,20.0,8.0,
73,2015-2016,HK01,146,PLCS330846,6002,43,13,2,58,74.1,22.4,3.4,
74,2015-2016,HK01,146,PLCS330846,560,151,27,7,185,81.6,14.6,3.8,
75,2015-2016,HK01,146,PLCS330846,287,158,16,1,175,90.3,9.1,0.6,
76,2015-2016,HK01,146,PLCS330846,9986,108,2,0,110,98.2,1.8,0.0,
77,2015-2016,HK01,146,PRCO322146,608,16,0,0,16,100.0,0.0,0.0,
78,2015-2016,HK01,146,ROBO320246,9202,19,0,0,19,100.0,0.0,0.0,
79,2015-2016,HK01,146,ROBO320246,46,100,0,0,100,100.0,0.0,0.0,
147,2014-2015,HK01,163,DIGI330163,9909,16,12,24,52,30.8,23.1,46.2,Cảnh báo điểm QT cao nhiều so với điểm thi
148,2014-2015,HK01,163,DIGI330163,9993,241,73,33,347,69.5,21.0,9.5,
149,2014-2015,HK01,163,DIGI330163,1177,103,6,3,112,92.0,5.4,2.7,
150,2014-2015,HK01,163,DSIC330563,1021,59,3,1,63,93.7,4.8,1.6,
151,2014-2015,HK01,163,MICR330363,1218,76,8,6,90,84.4,8.9,6.7,
152,2014-2015,HK01,163,MICR330363,9259,153,9,0,162,94.4,5.6,0.0,
153,2014-2015,HK01,163,MICR330363,1184,153,4,0,157,97.5,2.5,0.0,
154,2014-2015,HK01,164,1146100,1014,84,13,2,99,84.8,13.1,2.0,
155,2014-2015,HK01,164,1164091,206,63,0,0,63,100.0,0.0,0.0,
156,2014-2015,HK01,164,1164131,581,28,0,0,28,100.0,0.0,0.0,
157,2014-2015,HK01,164,1164270,4721,23,0,0,23,100.0,0.0,0.0,
158,2014-2015,HK01,164,1164290,2204,41,1,0,42,97.6,2.4,0.0,
159,2014-2015,HK01,164,1264031,1021,214,33,16,263,81.4,12.5,6.1,
160,2014-2015,HK01,164,1264072,4030,115,0,0,115,100.0,0.0,0.0,
161,2014-2015,HK01,164,1264111,2206,68,10,2,80,85.0,12.5,2.5,
162,2014-2015,HK01,164,1264121,2206,55,0,0,55,100.0,0.0,0.0,
163,2014-2015,HK01,164,1264131,4030,41,1,0,42,97.6,2.4,0.0,
164,2014-2015,HK01,164,1264140,2953,68,6,2,76,89.5,7.9,2.6,
165,2014-2015,HK01,164,1264150,2200,88,1,0,89,98.9,1.1,0.0,
166,2014-2015,HK01,164,1264150,438,130,0,0,130,100.0,0.0,0.0,
167,2014-2015,HK01,164,1264160,9164,17,0,0,17,100.0,0.0,0.0,
168,2014-2015,HK01,164,1264160,9254,89,0,0,89,100.0,0.0,0.0,
169,2014-2015,HK01,164,1264171,438,51,0,0,51,100.0,0.0,0.0,
170,2014-2015,HK01,164,1264171,2200,34,0,0,34,100.0,0.0,0.0,
171,2014-2015,HK01,164,1264200,9164,21,0,0,21,100.0,0.0,0.0,
172,2014-2015,HK01,164,1264201,9164,78,3,0,81,96.3,3.7,0.0,
173,2014-2015,HK01,164,1264201,9712,17,0,0,17,100.0,0.0,0.0,
80,2015-2016,HK01,162,1262020,2202,29,0,0,29,100.0,0.0,0.0,
81,2015-2016,HK01,162,BAEL340662,2103,37,24,4,65,56.9,36.9,6.2,Cảnh báo điểm QT cao nhiều so với điểm thi
82,2015-2016,HK01,162,BAEL340662,2203,38,27,20,85,44.7,31.8,23.5,Cảnh báo điểm QT cao nhiều so với điểm thi
83,2015-2016,HK01,162,BAEL340662,3978,42,28,23,93,45.2,30.1,24.7,Cảnh báo điểm QT cao nhiều so với điểm thi
84,2015-2016,HK01,162,BAEL340662,9260,122,54,9,185,65.9,29.2,4.9,
85,2015-2016,HK01,162,BAEL340662,1180,103,30,11,144,71.5,20.8,7.6,
86,2015-2016,HK01,162,BAEL340662,9401,75,21,6,102,73.5,20.6,5.9,
87,2015-2016,HK01,162,BAEL340662,9909,76,19,2,97,78.4,19.6,2.1,
88,2015-2016,HK01,162,BAEL340662,1045,64,3,0,67,95.5,4.5,0.0,
89,2015-2016,HK01,162,EEEN234062,46,138,16,1,155,89.0,10.3,0.6,
90,2015-2016,HK01,162,EEEN234062,1016,64,4,1,69,92.8,5.8,1.4,
91,2015-2016,HK01,162,EEEN234062,9401,26,1,0,27,96.3,3.7,0.0,
174,2014-2015,HK01,164,1264311,361,14,7,1,22,63.6,31.8,4.5,
175,2014-2015,HK01,164,1264336,2080,65,0,0,65,100.0,0.0,0.0,
176,2014-2015,HK01,164,1264340,4721,8,2,0,10,80.0,20.0,0.0,
177,2014-2015,HK01,164,1264340,390,82,7,0,89,92.1,7.9,0.0,
178,2014-2015,HK01,164,1264490,438,54,0,0,54,100.0,0.0,0.0,
179,2014-2015,HK01,164,1264500,2953,49,0,0,49,100.0,0.0,0.0,
180,2014-2015,HK01,164,1264510,390,33,0,0,33,100.0,0.0,0.0,
181,2014-2015,HK01,164,CSSI320564,390,85,41,12,138,61.6,29.7,8.7,
182,2014-2015,HK01,164,DACO430664,9254,118,25,11,154,76.6,16.2,7.1,
183,2014-2015,HK01,164,DACO430664,4016,81,8,0,89,91.0,9.0,0.0,
184,2014-2015,HK01,164,DACO430664,984,104,2,0,106,98.1,1.9,0.0,
185,2014-2015,HK01,164,DACO430664,2204,129,1,0,130,99.2,0.8,0.0,
186,2014-2015,HK01,164,DACO430764,1014,19,8,0,27,70.4,29.6,0.0,
187,2014-2015,HK01,164,DSPR431264,2206,84,11,0,95,88.4,11.6,0.0,
188,2014-2015,HK01,164,PRIN337664,581,15,1,0,16,93.8,6.3,0.0,
189,2014-2015,HK01,164,PRIN337664,438,78,1,0,79,98.7,1.3,0.0,
190,2014-2015,HK01,164,PRIN337664,361,307,1,0,308,99.7,0.3,0.0,
191,2014-2015,HK01,164,SISY330164,2206,105,2,0,107,98.1,1.9,0.0,
192,2014-2015,HK01,164,SISY330164,984,107,1,1,109,98.2,0.9,0.9,
193,2014-2015,HK01,164,SISY330164,9385,243,0,0,243,100.0,0.0,0.0,
194,2014-2015,HK01,164,TESY330464,4030,44,1,0,45,97.8,2.2,0.0,
195,2014-2015,HK01,164,TESY331064,4016,19,6,0,25,76.0,24.0,0.0,
196,2014-2015,HK01,220,1123090,9047,29,0,0,29,100.0,0.0,0.0,
197,2014-2015,HK01,220,CADM220320,9242,19,0,0,19,100.0,0.0,0.0,
198,2014-2015,HK01,220,CADM230320,9047,35,0,2,37,94.6,0.0,5.4,
199,2014-2015,HK01,220,CADM230320,214,105,0,0,105,100.0,0.0,0.0,
200,2014-2015,HK01,220,CADM230320,1124,26,0,0,26,100.0,0.0,0.0,
201,2014-2015,HK01,220,CADM230320,1122,28,0,0,28,100.0,0.0,0.0,
202,2014-2015,HK01,220,EDDG220120,9047,81,17,5,103,78.6,16.5,4.9,
203,2014-2015,HK01,223,1123010,2112,109,36,20,165,66.1,21.8,12.1,
204,2014-2015,HK01,223,1220060,1124,25,0,0,25,100.0,0.0,0.0,
205,2014-2015,HK01,223,1223020,2112,25,4,0,29,86.2,13.8,0.0,
206,2014-2015,HK01,223,EDDG230120,9047,157,8,1,166,94.6,4.8,0.6,
207,2014-2015,HK01,223,EDDG230120,1122,324,1,0,325,99.7,0.3,0.0,
208,2014-2015,HK01,223,EDDG230120,1123,625,1,0,626,99.8,0.2,0.0,
209,2014-2015,HK01,223,EDDG230120,1124,209,0,0,209,100.0,0.0,0.0,
210,2014-2015,HK01,223,TMMP230220,214,23,33,24,80,28.8,41.3,30.0,Cảnh báo điểm QT cao nhiều so với điểm thi
211,2014-2015,HK01,223,TMMP230220,2112,58,54,29,141,41.1,38.3,20.6,Cảnh báo điểm QT cao nhiều so với điểm thi
212,2014-2015,HK01,223,TMMP230220,2111,97,52,14,163,59.5,31.9,8.6,Cảnh báo điểm QT cao nhiều so với điểm thi
213,2014-2015,HK01,223,TMMP230220,9047,42,23,10,75,56.0,30.7,13.3,Cảnh báo điểm QT cao nhiều so với điểm thi
214,2014-2015,HK01,223,TMMP230220,4809,37,20,9,66,56.1,30.3,13.6,Cảnh báo điểm QT cao nhiều so với điểm thi
215,2014-2015,HK01,224,1124113,551,39,15,9,63,61.9,23.8,14.3,
216,2014-2015,HK01,224,1124113,2168,53,6,2,61,86.9,9.8,3.3,
217,2014-2015,HK01,224,1224020,67,140,0,0,140,100.0,0.0,0.0,
218,2014-2015,HK01,224,1224021,3925,61,0,0,61,100.0,0.0,0.0,
219,2014-2015,HK01,224,1224021,67,79,0,0,79,100.0,0.0,0.0,
220,2014-2015,HK01,224,1224050,9730,85,0,0,85,100.0,0.0,0.0,
221,2014-2015,HK01,224,1224050,2026,59,0,0,59,100.0,0.0,0.0,
222,2014-2015,HK01,224,1224051,9984,74,0,0,74,100.0,0.0,0.0,
223,2014-2015,HK01,224,1224071,3980,55,0,0,55,100.0,0.0,0.0,
224,2014-2015,HK01,224,1224101,186,96,25,6,127,75.6,19.7,4.7,
225,2014-2015,HK01,224,1224101,185,31,0,0,31,100.0,0.0,0.0,
226,2014-2015,HK01,224,1224103,186,14,2,0,16,87.5,12.5,0.0,
227,2014-2015,HK01,224,1224103,184,27,0,0,27,100.0,0.0,0.0,
228,2014-2015,HK01,224,1224103,185,43,0,0,43,100.0,0.0,0.0,
229,2014-2015,HK01,224,1224103,690,71,0,0,71,100.0,0.0,0.0,
230,2014-2015,HK01,224,1224240,2168,62,12,1,75,82.7,16.0,1.3,
231,2014-2015,HK01,224,1224240,253,34,2,0,36,94.4,5.6,0.0,
232,2014-2015,HK01,224,1224240,1042,61,0,0,61,100.0,0.0,0.0,
233,2014-2015,HK01,224,1224241,253,29,5,11,45,64.4,11.1,24.4,
234,2014-2015,HK01,224,1224241,690,35,3,0,38,92.1,7.9,0.0,
235,2014-2015,HK01,224,1225101,9984,37,8,4,49,75.5,16.3,8.2,
236,2014-2015,HK01,224,1225101,85,138,21,13,172,80.2,12.2,7.6,
237,2014-2015,HK01,224,1225101,253,82,6,7,95,86.3,6.3,7.4,
238,2014-2015,HK01,224,1225101,690,32,0,0,32,100.0,0.0,0.0,
239,2014-2015,HK01,224,1225101,2161,26,0,0,26,100.0,0.0,0.0,
240,2014-2015,HK01,224,1225102,85,136,8,5,149,91.3,5.4,3.4,
241,2014-2015,HK01,224,1225102,690,100,1,0,101,99.0,1.0,0.0,
242,2014-2015,HK01,224,1225102,184,13,0,0,13,100.0,0.0,0.0,
243,2014-2015,HK01,224,1225102,185,42,0,0,42,100.0,0.0,0.0,
244,2014-2015,HK01,224,1225104,186,38,3,1,42,90.5,7.1,2.4,
245,2014-2015,HK01,224,1225104,9984,48,3,0,51,94.1,5.9,0.0,
246,2014-2015,HK01,224,1225104,3980,58,0,0,58,100.0,0.0,0.0,
247,2014-2015,HK01,224,CACC320224,85,176,23,6,205,85.9,11.2,2.9,
248,2014-2015,HK01,224,ECCC310324,9888,49,6,0,55,89.1,10.9,0.0,
249,2014-2015,HK01,224,ECCC310324,9984,41,4,0,45,91.1,8.9,0.0,
250,2014-2015,HK01,224,ECCC310324,85,42,3,1,46,91.3,6.5,2.2,
251,2014-2015,HK01,224,ECCC310324,186,18,0,0,18,100.0,0.0,0.0,
252,2014-2015,HK01,224,ENME320124,3997,14,24,20,58,24.1,41.4,34.5,Cảnh báo điểm QT cao nhiều so với điểm thi
253,2014-2015,HK01,224,ENME320124,2168,41,18,2,61,67.2,29.5,3.3,
254,2014-2015,HK01,224,ENME320124,493,32,11,1,44,72.7,25.0,2.3,
255,2014-2015,HK01,224,ENME320124,253,50,8,2,60,83.3,13.3,3.3,
256,2014-2015,HK01,224,NUMC330424,9720,57,38,21,116,49.1,32.8,18.1,Cảnh báo điểm QT cao nhiều so với điểm thi
257,2014-2015,HK01,224,NUMC330424,1206,15,0,0,15,100.0,0.0,0.0,
258,2014-2015,HK01,225,1125040,689,80,13,7,100,80.0,13.0,7.0,
259,2014-2015,HK01,225,1125060,493,38,0,0,38,100.0,0.0,0.0,
260,2014-2015,HK01,225,1125090,9805,47,3,0,50,94.0,6.0,0.0,
261,2014-2015,HK01,225,1125090,352,24,0,0,24,100.0,0.0,0.0,
262,2014-2015,HK01,225,1125160,4123,80,10,0,90,88.9,11.1,0.0,
263,2014-2015,HK01,225,1224104,253,27,0,0,27,100.0,0.0,0.0,
264,2014-2015,HK01,225,1224104,9984,59,0,0,59,100.0,0.0,0.0,
265,2014-2015,HK01,225,1224104,186,29,0,0,29,100.0,0.0,0.0,
266,2014-2015,HK01,225,1224105,253,15,1,0,16,93.8,6.3,0.0,
267,2014-2015,HK01,225,1224105,9984,59,1,0,60,98.3,1.7,0.0,
268,2014-2015,HK01,225,1224105,9888,14,0,0,14,100.0,0.0,0.0,
269,2014-2015,HK01,225,1224105,3980,12,0,0,12,100.0,0.0,0.0,
270,2014-2015,HK01,225,1224105,186,12,0,0,12,100.0,0.0,0.0,
271,2014-2015,HK01,225,1225050,719,245,25,16,286,85.7,8.7,5.6,
272,2014-2015,HK01,225,1225050,2028,111,5,3,119,93.3,4.2,2.5,
273,2014-2015,HK01,225,1225090,1035,139,49,34,222,62.6,22.1,15.3,
274,2014-2015,HK01,225,1225090,1036,165,49,30,244,67.6,20.1,12.3,
275,2014-2015,HK01,225,1225090,4037,177,20,10,207,85.5,9.7,4.8,
276,2014-2015,HK01,225,1225110,600,155,13,2,170,91.2,7.6,1.2,
1065,2014-2015,HK01,2137,ENGL130137,4026,49,0,1,50,98.0,0.0,2.0,
1066,2014-2015,HK01,2137,ENGL130137,12,24,0,0,24,100.0,0.0,0.0,
1067,2014-2015,HK01,2137,ENGL130137,4003,47,0,0,47,100.0,0.0,0.0,
1068,2014-2015,HK01,2137,ENGL130137,202,93,0,0,93,100.0,0.0,0.0,
1069,2014-2015,HK01,2137,ENGL130137,222,26,0,0,26,100.0,0.0,0.0,
1070,2014-2015,HK01,2137,ENGL230237,529,38,2,0,40,95.0,5.0,0.0,
1071,2014-2015,HK01,2137,ENGL230237,6009,176,3,0,179,98.3,1.7,0.0,
1072,2014-2015,HK01,2137,ENGL330337,551,12,9,0,21,57.1,42.9,0.0,Cảnh báo điểm QT cao nhiều so với điểm thi
1073,2014-2015,HK01,2137,ENGL330337,578,24,19,5,48,50.0,39.6,10.4,Cảnh báo điểm QT cao nhiều so với điểm thi
1074,2014-2015,HK01,2137,ENGL330337,225,26,19,5,50,52.0,38.0,10.0,Cảnh báo điểm QT cao nhiều so với điểm thi
1075,2014-2015,HK01,2137,ENGL330337,4410,53,32,3,88,60.2,36.4,3.4,
1076,2014-2015,HK01,2137,ENGL330337,2955,38,33,22,93,40.9,35.5,23.7,Cảnh báo điểm QT cao nhiều so với điểm thi
1077,2014-2015,HK01,2137,ENGL330337,2957,26,17,6,49,53.1,34.7,12.2,Cảnh báo điểm QT cao nhiều so với điểm thi
1078,2014-2015,HK01,2137,ENGL330337,3907,80,31,3,114,70.2,27.2,2.6,
1079,2014-2015,HK01,2137,ENGL330337,503,71,24,0,95,74.7,25.3,0.0,
1080,2014-2015,HK01,2137,ENGL330337,546,22,8,2,32,68.8,25.0,6.3,
1081,2014-2015,HK01,2137,ENGL330337,217,23,8,2,33,69.7,24.2,6.1,
1082,2014-2015,HK01,2137,ENGL330337,579,52,17,2,71,73.2,23.9,2.8,
1083,2014-2015,HK01,2137,ENGL330337,9902,39,12,0,51,76.5,23.5,0.0,
1084,2014-2015,HK01,2137,ENGL330337,1275,93,28,0,121,76.9,23.1,0.0,
1085,2014-2015,HK01,2137,ENGL330337,4569,78,23,0,101,77.2,22.8,0.0,
1086,2014-2015,HK01,2137,ENGL330337,505,50,17,9,76,65.8,22.4,11.8,
1087,2014-2015,HK01,2137,ENGL330337,509,72,14,0,86,83.7,16.3,0.0,
1088,2014-2015,HK01,2137,ENGL330337,568,126,25,6,157,80.3,15.9,3.8,
1089,2014-2015,HK01,2137,ENGL330337,265,27,5,0,32,84.4,15.6,0.0,
1090,2014-2015,HK01,2137,ENGL330337,713,80,14,0,94,85.1,14.9,0.0,
1091,2014-2015,HK01,2137,ENGL330337,705,74,14,8,96,77.1,14.6,8.3,
1092,2014-2015,HK01,2137,ENGL330337,9176,79,12,0,91,86.8,13.2,0.0,
1093,2014-2015,HK01,2137,ENGL330337,4003,37,6,3,46,80.4,13.0,6.5,
1094,2014-2015,HK01,2137,ENGL330337,3997,174,25,4,203,85.7,12.3,2.0,
1095,2014-2015,HK01,2137,ENGL330337,12,27,2,0,29,93.1,6.9,0.0,
1096,2014-2015,HK01,2137,ENGL330337,9001,150,11,0,161,93.2,6.8,0.0,
1097,2014-2015,HK01,2137,ENGL330337,14,58,4,0,62,93.5,6.5,0.0,
1098,2014-2015,HK01,2137,ENGL330337,1285,63,4,1,68,92.6,5.9,1.5,
1099,2014-2015,HK01,2137,ENGL330337,548,174,10,0,184,94.6,5.4,0.0,
1100,2014-2015,HK01,2137,ENGL330337,31,83,4,0,87,95.4,4.6,0.0,
1101,2014-2015,HK01,2137,ENGL330337,189,65,2,0,67,97.0,3.0,0.0,
1102,2014-2015,HK01,2137,ENGL330337,6009,72,2,0,74,97.3,2.7,0.0,
1103,2014-2015,HK01,2137,ENGL330337,709,42,1,0,43,97.7,2.3,0.0,
1104,2014-2015,HK01,2137,ENGL330337,420,43,1,0,44,97.7,2.3,0.0,
1105,2014-2015,HK01,2137,ENGL330337,4500,46,1,0,47,97.9,2.1,0.0,
1106,2014-2015,HK01,2137,ENGL330337,404,92,2,0,94,97.9,2.1,0.0,
1107,2014-2015,HK01,2137,ENGL330337,451,85,0,0,85,100.0,0.0,0.0,
1108,2014-2015,HK01,2137,ENGL330337,226,50,0,0,50,100.0,0.0,0.0,
1109,2014-2015,HK01,2137,ENGL330337,375,59,0,0,59,100.0,0.0,0.0,
1110,2014-2015,HK01,2137,ENGL330337,380,25,0,0,25,100.0,0.0,0.0,
1111,2014-2015,HK01,2137,ENGL330337,218,28,0,1,29,96.6,0.0,3.4,
1112,2014-2015,HK01,2137,ENGL330337,137,20,0,0,20,100.0,0.0,0.0,
1113,2014-2015,HK01,2137,ENGL330337,222,32,0,0,32,100.0,0.0,0.0,
1114,2014-2015,HK01,2137,ENGL330337,577,91,0,0,91,100.0,0.0,0.0,
1115,2014-2015,HK01,2137,ENGL330337,4026,50,0,0,50,100.0,0.0,0.0,
1116,2014-2015,HK01,2137,ENGL430437,380,32,3,0,35,91.4,8.6,0.0,
1117,2014-2015,HK01,2137,ENGL530537,1285,23,2,1,26,88.5,7.7,3.8,
1118,2014-2015,HK01,2137,ENGL530537,9177,36,1,0,37,97.3,2.7,0.0,
1119,2014-2015,HK01,2137,ENGL530537,1166,36,1,0,37,97.3,2.7,0.0,
1120,2014-2015,HK01,2137,ENGL530537,12,46,1,0,47,97.9,2.1,0.0,
1121,2014-2015,HK01,2137,ENGL530537,709,36,0,0,36,100.0,0.0,0.0,
1122,2014-2015,HK01,2137,ENGL530537,226,22,0,0,22,100.0,0.0,0.0,
1123,2014-2015,HK01,2137,ENGL530537,9138,76,0,0,76,100.0,0.0,0.0,
1124,2014-2015,HK01,2137,ENIT220137,9001,11,1,0,12,91.7,8.3,0.0,
1125,2014-2015,HK01,2137,ENIT220137,218,42,2,3,47,89.4,4.3,6.4,
1126,2014-2015,HK01,2137,ENIT220137,713,30,0,0,30,100.0,0.0,0.0,
1127,2014-2015,HK01,2138,DLNN230238,1286,90,0,0,90,100.0,0.0,0.0,
1128,2014-2015,HK01,2138,JAPN130138,373,51,2,0,53,96.2,3.8,0.0,
1129,2014-2015,HK01,2138,JAPN130138,178,43,1,0,44,97.7,2.3,0.0,
1130,2014-2015,HK01,2138,JAPN130338,178,18,5,0,23,78.3,21.7,0.0,
1131,2014-2015,HK01,2138,JAPN130338,373,49,2,0,51,96.1,3.9,0.0,
1132,2014-2015,HK01,2138,MELT320138,709,76,0,0,76,100.0,0.0,0.0,
1133,2014-2015,HK01,2138,METH320138,9177,18,5,0,23,78.3,21.7,0.0,
1134,2014-2015,HK01,2138,METH320138,9138,27,1,0,28,96.4,3.6,0.0,
1135,2014-2015,HK01,2138,METH320138,709,28,1,0,29,96.6,3.4,0.0,
1136,2014-2015,HK01,2206,1106040,4745,10,7,3,20,50.0,35.0,15.0,Cảnh báo điểm QT cao nhiều so với điểm thi
1137,2014-2015,HK01,2206,1106263,3996,62,0,0,62,100.0,0.0,0.0,
1138,2014-2015,HK01,2206,1106263,322,18,0,0,18,100.0,0.0,0.0,
1139,2014-2015,HK01,2206,1106264,3996,83,0,0,83,100.0,0.0,0.0,
1140,2014-2015,HK01,2206,1106264,322,47,0,0,47,100.0,0.0,0.0,
1141,2014-2015,HK01,2206,1205032,323,46,0,0,46,100.0,0.0,0.0,
1142,2014-2015,HK01,2206,1205080,3989,74,0,0,74,100.0,0.0,0.0,
983,2014-2015,HK01,1915,LLCT120314,1203,107,0,0,107,100.0,0.0,0.0,
984,2014-2015,HK01,1915,LLCT120314,9283,843,0,0,843,100.0,0.0,0.0,
985,2014-2015,HK01,1915,LLCT120314,211,1309,0,0,1309,100.0,0.0,0.0,
986,2014-2015,HK01,1915,LLCT120314,1286,114,0,0,114,100.0,0.0,0.0,
987,2014-2015,HK01,2104,1004030,505,22,25,1,48,45.8,52.1,2.1,Cảnh báo điểm QT cao nhiều so với điểm thi
988,2014-2015,HK01,2104,1004030,4569,39,5,2,46,84.8,10.9,4.3,
989,2014-2015,HK01,2104,1004096,12,19,6,1,26,73.1,23.1,3.8,
990,2014-2015,HK01,2104,1004097,546,24,4,0,28,85.7,14.3,0.0,
991,2014-2015,HK01,2104,1104019,548,13,0,0,13,100.0,0.0,0.0,
992,2014-2015,HK01,2104,1104031,4500,27,0,0,27,100.0,0.0,0.0,
993,2014-2015,HK01,2104,1104031,12,29,0,0,29,100.0,0.0,0.0,
994,2014-2015,HK01,2104,1104031,4027,29,0,0,29,100.0,0.0,0.0,
995,2014-2015,HK01,2104,1104045,6009,18,1,0,19,94.7,5.3,0.0,
996,2014-2015,HK01,2104,1104082,375,52,3,2,57,91.2,5.3,3.5,
997,2014-2015,HK01,2104,1104082,4500,13,0,0,13,100.0,0.0,0.0,
998,2014-2015,HK01,2104,1104132,4500,27,0,0,27,100.0,0.0,0.0,
999,2014-2015,HK01,2104,1104132,189,56,0,0,56,100.0,0.0,0.0,
1000,2014-2015,HK01,2104,1204040,9001,66,0,0,66,100.0,0.0,0.0,
1001,2014-2015,HK01,2104,1204040,11,13,0,0,13,100.0,0.0,0.0,
1002,2014-2015,HK01,2104,1204083,9138,25,1,0,26,96.2,3.8,0.0,
1003,2014-2015,HK01,2104,1204083,9177,28,0,0,28,100.0,0.0,0.0,
1004,2014-2015,HK01,2104,1204083,1285,30,0,0,30,100.0,0.0,0.0,
1005,2014-2015,HK01,2104,1204084,1191,29,0,0,29,100.0,0.0,0.0,
1006,2014-2015,HK01,2104,1204084,226,56,0,0,56,100.0,0.0,0.0,
1007,2014-2015,HK01,2104,1204130,218,29,0,0,29,100.0,0.0,0.0,
1008,2014-2015,HK01,2104,1204150,1166,33,0,0,33,100.0,0.0,0.0,
1009,2014-2015,HK01,2104,1204150,1191,49,0,0,49,100.0,0.0,0.0,
1010,2014-2015,HK01,2104,READ120335,404,27,2,0,29,93.1,6.9,0.0,
1011,2014-2015,HK01,2104,READ120335,222,19,0,0,19,100.0,0.0,0.0,
1012,2014-2015,HK01,2104,READ120335,1166,50,0,0,50,100.0,0.0,0.0,
1013,2014-2015,HK01,2135,GRAM130135,548,25,1,0,26,96.2,3.8,0.0,
1014,2014-2015,HK01,2135,GRAM130135,4501,21,0,0,21,100.0,0.0,0.0,
1015,2014-2015,HK01,2135,GRAM130135,3960,24,0,0,24,100.0,0.0,0.0,
1016,2014-2015,HK01,2135,ILTE130135,1166,34,0,0,34,100.0,0.0,0.0,
1017,2014-2015,HK01,2135,ILTE130135,226,35,0,0,35,100.0,0.0,0.0,
1018,2014-2015,HK01,2135,LISP130135,9138,26,0,0,26,100.0,0.0,0.0,
1019,2014-2015,HK01,2135,LISP130135,1166,23,0,0,23,100.0,0.0,0.0,
1020,2014-2015,HK01,2135,LISP130135,548,29,0,0,29,100.0,0.0,0.0,
1021,2014-2015,HK01,2135,LISP230335,4026,22,0,0,22,100.0,0.0,0.0,
1022,2014-2015,HK01,2135,LISP230335,404,29,0,0,29,100.0,0.0,0.0,
1023,2014-2015,HK01,2135,LISP230335,265,21,0,0,21,100.0,0.0,0.0,
1024,2014-2015,HK01,2135,LISP230335,1285,23,0,0,23,100.0,0.0,0.0,
1025,2014-2015,HK01,2135,READ120135,713,27,0,0,27,100.0,0.0,0.0,
1026,2014-2015,HK01,2135,READ120135,4501,24,0,0,24,100.0,0.0,0.0,
1027,2014-2015,HK01,2135,READ120135,420,21,0,0,21,100.0,0.0,0.0,
1028,2014-2015,HK01,2135,SPTR120135,265,51,0,0,51,100.0,0.0,0.0,
1029,2014-2015,HK01,2135,SPTR120135,225,21,0,0,21,100.0,0.0,0.0,
1030,2014-2015,HK01,2135,WRIT120135,509,25,3,0,28,89.3,10.7,0.0,
1031,2014-2015,HK01,2135,WRIT120135,546,21,0,0,21,100.0,0.0,0.0,
1032,2014-2015,HK01,2135,WRIT120135,225,27,0,0,27,100.0,0.0,0.0,
1033,2014-2015,HK01,2135,WRIT220335,509,28,1,0,29,96.6,3.4,0.0,
1034,2014-2015,HK01,2135,WRIT220335,222,29,0,0,29,100.0,0.0,0.0,
1035,2014-2015,HK01,2135,WRIT220335,420,12,0,0,12,100.0,0.0,0.0,
1036,2014-2015,HK01,2135,WRIT220335,380,23,0,0,23,100.0,0.0,0.0,
1037,2014-2015,HK01,2136,CIVL330136,218,47,10,0,57,82.5,17.5,0.0,
1038,2014-2015,HK01,2136,CIVL330136,705,22,2,0,24,91.7,8.3,0.0,
1039,2014-2015,HK01,2136,MOLX230236,11,79,5,0,84,94.0,6.0,0.0,
1040,2014-2015,HK01,2136,MOLX230236,375,27,0,0,27,100.0,0.0,0.0,
1041,2014-2015,HK01,2136,PUBS320136,9138,23,0,0,23,100.0,0.0,0.0,
1042,2014-2015,HK01,2136,PUBS320136,4500,28,0,0,28,100.0,0.0,0.0,
1043,2014-2015,HK01,2136,PUBS320136,265,27,0,0,27,100.0,0.0,0.0,
1044,2014-2015,HK01,2137,ENET320337,579,28,1,0,29,96.6,3.4,0.0,
1045,2014-2015,HK01,2137,ENET320337,226,30,0,0,30,100.0,0.0,0.0,
1046,2014-2015,HK01,2137,ENET320337,704,22,0,0,22,100.0,0.0,0.0,
1047,2014-2015,HK01,2137,ENGL130137,578,29,34,6,69,42.0,49.3,8.7,Cảnh báo điểm QT cao nhiều so với điểm thi
1048,2014-2015,HK01,2137,ENGL130137,546,18,4,0,22,81.8,18.2,0.0,
1049,2014-2015,HK01,2137,ENGL130137,9138,26,3,0,29,89.7,10.3,0.0,
1050,2014-2015,HK01,2137,ENGL130137,4500,11,1,0,12,91.7,8.3,0.0,
1051,2014-2015,HK01,2137,ENGL130137,3960,25,2,1,28,89.3,7.1,3.6,
1052,2014-2015,HK01,2137,ENGL130137,31,46,3,0,49,93.9,6.1,0.0,
1053,2014-2015,HK01,2137,ENGL130137,2173,38,2,0,40,95.0,5.0,0.0,
1054,2014-2015,HK01,2137,ENGL130137,9902,58,3,0,61,95.1,4.9,0.0,
1055,2014-2015,HK01,2137,ENGL130137,2220,99,5,1,105,94.3,4.8,1.0,
1056,2014-2015,HK01,2137,ENGL130137,1144,75,2,0,77,97.4,2.6,0.0,
1057,2014-2015,HK01,2137,ENGL130137,704,38,1,0,39,97.4,2.6,0.0,
1058,2014-2015,HK01,2137,ENGL130137,9176,46,1,0,47,97.9,2.1,0.0,
1059,2014-2015,HK01,2137,ENGL130137,1255,47,1,0,48,97.9,2.1,0.0,
1060,2014-2015,HK01,2137,ENGL130137,4410,48,1,0,49,98.0,2.0,0.0,
1061,2014-2015,HK01,2137,ENGL130137,4027,66,1,0,67,98.5,1.5,0.0,
1062,2014-2015,HK01,2137,ENGL130137,1166,20,0,0,20,100.0,0.0,0.0,
1063,2014-2015,HK01,2137,ENGL130137,9177,23,0,0,23,100.0,0.0,0.0,
1064,2014-2015,HK01,2137,ENGL130137,4567,4,0,0,4,100.0,0.0,0.0,
167,2014-2015,HK02,164,TESY330464,4030,94,36,11,141,66.7,25.5,7.8,
168,2014-2015,HK02,164,WIPR435764,9079,91,10,0,101,90.1,9.9,0.0,
169,2014-2015,HK02,220,CADM230320,346,33,11,1,45,73.3,24.4,2.2,
170,2014-2015,HK02,220,CADM230320,9047,104,1,0,105,99.0,1.0,0.0,
171,2014-2015,HK02,220,CADM230320,1123,91,0,0,91,100.0,0.0,0.0,
172,2014-2015,HK02,220,CADM230320,4711,19,0,0,19,100.0,0.0,0.0,
173,2014-2015,HK02,220,CADM230320,1122,97,0,0,97,100.0,0.0,0.0,
174,2014-2015,HK02,220,CADM230320,1124,170,0,0,170,100.0,0.0,0.0,
175,2014-2015,HK02,223,CAEM430923,9242,30,0,0,30,100.0,0.0,0.0,
176,2014-2015,HK02,223,DGED121023,9047,50,1,0,51,98.0,2.0,0.0,
177,2014-2015,HK02,223,DGED121023,1124,47,0,0,47,100.0,0.0,0.0,
178,2014-2015,HK02,223,DGED121023,1122,41,0,0,41,100.0,0.0,0.0,
179,2014-2015,HK02,223,DGED121023,1123,122,0,0,122,100.0,0.0,0.0,
180,2014-2015,HK02,223,EDDG230120,1124,170,1,0,171,99.4,0.6,0.0,
181,2014-2015,HK02,223,EDDG230120,1123,204,0,0,204,100.0,0.0,0.0,
182,2014-2015,HK02,223,EDDG230120,9047,133,0,0,133,100.0,0.0,0.0,
183,2014-2015,HK02,223,EDDG230120,1122,215,0,0,215,100.0,0.0,0.0,
184,2014-2015,HK02,223,TMMP230220,9047,74,42,21,137,54.0,30.7,15.3,Cảnh báo điểm QT cao nhiều so với điểm thi
185,2014-2015,HK02,223,TMMP230220,4809,79,27,2,108,73.1,25.0,1.9,
186,2014-2015,HK02,223,TMMP230220,2112,523,167,98,788,66.4,21.2,12.4,
187,2014-2015,HK02,223,TMMP230220,2111,262,52,24,338,77.5,15.4,7.1,
188,2014-2015,HK02,223,TMMP230220,214,195,25,4,224,87.1,11.2,1.8,
189,2014-2015,HK02,223,TMMP230220,4720,29,2,0,31,93.5,6.5,0.0,
190,2014-2015,HK02,224,1224070,3980,38,0,0,38,100.0,0.0,0.0,
191,2014-2015,HK02,224,1224070,3925,99,0,0,99,100.0,0.0,0.0,
192,2014-2015,HK02,224,1224071,3980,83,0,0,83,100.0,0.0,0.0,
193,2014-2015,HK02,224,1224090,9984,58,15,5,78,74.4,19.2,6.4,
194,2014-2015,HK02,224,1224090,186,16,0,0,16,100.0,0.0,0.0,
195,2014-2015,HK02,224,1224090,3980,15,0,0,15,100.0,0.0,0.0,
196,2014-2015,HK02,224,1224090,9888,15,0,0,15,100.0,0.0,0.0,
197,2014-2015,HK02,224,1224090,185,16,0,0,16,100.0,0.0,0.0,
198,2014-2015,HK02,224,1224101,253,42,14,8,64,65.6,21.9,12.5,
199,2014-2015,HK02,224,1224230,9720,15,0,0,15,100.0,0.0,0.0,
200,2014-2015,HK02,224,1224241,690,28,3,0,31,90.3,9.7,0.0,
201,2014-2015,HK02,224,1224241,253,30,1,0,31,96.8,3.2,0.0,
202,2014-2015,HK02,224,1225101,253,55,10,4,69,79.7,14.5,5.8,
203,2014-2015,HK02,224,1225101,186,16,0,0,16,100.0,0.0,0.0,
204,2014-2015,HK02,224,1225102,9984,11,0,0,11,100.0,0.0,0.0,
205,2014-2015,HK02,224,1225102,186,14,0,0,14,100.0,0.0,0.0,
206,2014-2015,HK02,224,1225102,253,39,0,0,39,100.0,0.0,0.0,
207,2014-2015,HK02,224,1225104,9984,53,2,0,55,96.4,3.6,0.0,
208,2014-2015,HK02,224,ACAE321024,67,13,0,0,13,100.0,0.0,0.0,
209,2014-2015,HK02,224,ACCC330524,186,55,1,2,58,94.8,1.7,3.4,
210,2014-2015,HK02,224,ACCC330524,9984,44,0,0,44,100.0,0.0,0.0,
211,2014-2015,HK02,224,ACCC330524,3980,13,0,0,13,100.0,0.0,0.0,
212,2014-2015,HK02,224,CACC320224,85,105,56,54,215,48.8,26.0,25.1,Cảnh báo điểm QT cao nhiều so với điểm thi
213,2014-2015,HK02,224,CACC320224,186,99,2,1,102,97.1,2.0,1.0,
214,2014-2015,HK02,224,CACC320224,2161,34,0,0,34,100.0,0.0,0.0,
215,2014-2015,HK02,224,ECNC320724,9984,102,19,2,123,82.9,15.4,1.6,
216,2014-2015,HK02,224,EDMT420824,9730,111,0,0,111,100.0,0.0,0.0,
217,2014-2015,HK02,224,ENME320124,3997,56,40,19,115,48.7,34.8,16.5,Cảnh báo điểm QT cao nhiều so với điểm thi
218,2014-2015,HK02,224,ENME320124,551,55,27,9,91,60.4,29.7,9.9,
219,2014-2015,HK02,224,ENME320124,2168,71,31,12,114,62.3,27.2,10.5,
220,2014-2015,HK02,224,ENME320124,67,98,34,19,151,64.9,22.5,12.6,
221,2014-2015,HK02,224,ENME320124,9888,29,3,2,34,85.3,8.8,5.9,
222,2014-2015,HK02,224,ENME320124,493,82,8,1,91,90.1,8.8,1.1,
223,2014-2015,HK02,224,ENME320124,253,43,4,0,47,91.5,8.5,0.0,
224,2014-2015,HK02,224,ENME320124,9306,93,0,0,93,100.0,0.0,0.0,
225,2014-2015,HK02,224,ENME320124,9952,46,0,0,46,100.0,0.0,0.0,
226,2014-2015,HK02,225,1125040,2184,15,6,1,22,68.2,27.3,4.5,
227,2014-2015,HK02,225,1125090,9805,12,0,0,12,100.0,0.0,0.0,
228,2014-2015,HK02,225,1125160,4123,33,1,0,34,97.1,2.9,0.0,
229,2014-2015,HK02,225,1225050,2026,40,8,1,49,81.6,16.3,2.0,
230,2014-2015,HK02,225,1225090,255,37,2,0,39,94.9,5.1,0.0,
231,2014-2015,HK02,225,1225110,600,123,7,1,131,93.9,5.3,0.8,
232,2014-2015,HK02,225,1225110,1067,106,5,0,111,95.5,4.5,0.0,
233,2014-2015,HK02,225,1225111,9805,56,0,0,56,100.0,0.0,0.0,
234,2014-2015,HK02,225,1225111,600,274,0,0,274,100.0,0.0,0.0,
235,2014-2015,HK02,225,1225130,1042,48,3,0,51,94.1,5.9,0.0,
236,2014-2015,HK02,225,1225140,9805,25,0,0,25,100.0,0.0,0.0,
237,2014-2015,HK02,225,1225350,2026,37,0,0,37,100.0,0.0,0.0,
238,2014-2015,HK02,225,1225360,1042,43,3,0,46,93.5,6.5,0.0,
239,2014-2015,HK02,225,1225370,719,39,0,0,39,100.0,0.0,0.0,
240,2014-2015,HK02,225,EEEI321925,9805,28,8,4,40,70.0,20.0,10.0,
241,2014-2015,HK02,225,EEEI321925,2029,43,9,0,52,82.7,17.3,0.0,
242,2014-2015,HK02,225,EEEI321925,1042,176,19,8,203,86.7,9.4,3.9,
243,2014-2015,HK02,225,EEEI321925,9925,113,9,3,125,90.4,7.2,2.4,
244,2014-2015,HK02,225,FMMT330825,4037,201,52,15,268,75.0,19.4,5.6,
245,2014-2015,HK02,225,FMMT330825,1035,139,12,3,154,90.3,7.8,1.9,
246,2014-2015,HK02,225,GMEN124025,1051,84,4,0,88,95.5,4.5,0.0,
773,2014-2015,HK02,1884,DBSE431284,3995,8,6,1,15,53.3,40.0,6.7,Cảnh báo điểm QT cao nhiều so với điểm thi
774,2014-2015,HK02,1884,DBSY240184,2149,233,24,8,265,87.9,9.1,3.0,
775,2014-2015,HK02,1884,DIDB330584,1147,28,0,0,28,100.0,0.0,0.0,
776,2014-2015,HK02,1884,ISAD330384,3984,43,3,0,46,93.5,6.5,0.0,
777,2014-2015,HK02,1885,1185011,23,15,0,0,15,100.0,0.0,0.0,
778,2014-2015,HK02,1885,1285190,22,44,0,0,44,100.0,0.0,0.0,
779,2014-2015,HK02,1885,ADPR131185,9982,30,18,7,55,54.5,32.7,12.7,Cảnh báo điểm QT cao nhiều so với điểm thi
780,2014-2015,HK02,1885,ADPR131185,9732,151,17,1,169,89.3,10.1,0.6,
781,2014-2015,HK02,1885,ADPR131185,9079,94,7,0,101,93.1,6.9,0.0,
782,2014-2015,HK02,1885,ADPR131185,9999,65,2,0,67,97.0,3.0,0.0,
783,2014-2015,HK02,1885,ADPR131185,9163,28,0,0,28,100.0,0.0,0.0,
784,2014-2015,HK02,1885,ADPR131185,8888,50,0,0,50,100.0,0.0,0.0,
785,2014-2015,HK02,1885,INPR140285,23,81,6,3,90,90.0,6.7,3.3,
786,2014-2015,HK02,1885,INPR140285,4021,42,1,3,46,91.3,2.2,6.5,
787,2014-2015,HK02,1885,PRTE240385,9153,249,18,11,278,89.6,6.5,4.0,
788,2014-2015,HK02,1885,VBPR131085,3995,38,11,5,54,70.4,20.4,9.3,
789,2014-2015,HK02,1885,VBPR131085,8888,83,17,7,107,77.6,15.9,6.5,
790,2014-2015,HK02,1885,VBPR131085,9104,46,8,3,57,80.7,14.0,5.3,
791,2014-2015,HK02,1885,VBPR131085,562,105,17,3,125,84.0,13.6,2.4,
792,2014-2015,HK02,1885,VBPR131085,9732,127,21,8,156,81.4,13.5,5.1,
793,2014-2015,HK02,1885,VBPR131085,2151,82,11,1,94,87.2,11.7,1.1,
794,2014-2015,HK02,1885,VBPR131085,561,48,6,2,56,85.7,10.7,3.6,
795,2014-2015,HK02,1885,VBPR131085,298,108,13,7,128,84.4,10.2,5.5,
796,2014-2015,HK02,1885,VBPR131085,9163,49,5,0,54,90.7,9.3,0.0,
797,2014-2015,HK02,1885,VBPR131085,2148,104,7,2,113,92.0,6.2,1.8,
798,2014-2015,HK02,1885,VBPR131085,309,82,4,1,87,94.3,4.6,1.1,
799,2014-2015,HK02,1885,VBPR131085,4021,110,5,0,115,95.7,4.3,0.0,
800,2014-2015,HK02,1885,VBPR131085,9999,30,0,0,30,100.0,0.0,0.0,
801,2014-2015,HK02,1905,1005130,4588,35,0,0,35,100.0,0.0,0.0,
802,2014-2015,HK02,1905,INLO220405,9115,103,0,0,103,100.0,0.0,0.0,
803,2014-2015,HK02,1905,INLO220405,241,60,0,0,60,100.0,0.0,0.0,
804,2014-2015,HK02,1905,INLO220405,987,521,0,0,521,100.0,0.0,0.0,
805,2014-2015,HK02,1905,INLO220405,9940,88,0,0,88,100.0,0.0,0.0,
806,2014-2015,HK02,1905,INSO321005,9905,438,0,0,438,100.0,0.0,0.0,
807,2014-2015,HK02,1905,INSO321005,9906,302,0,0,302,100.0,0.0,0.0,
808,2014-2015,HK02,1905,INSO321005,1203,572,0,0,572,100.0,0.0,0.0,
809,2014-2015,HK02,1905,LLCT150105,3992,409,4,2,415,98.6,1.0,0.5,
810,2014-2015,HK02,1905,LLCT150105,4588,367,2,0,369,99.5,0.5,0.0,
811,2014-2015,HK02,1905,LLCT150105,987,710,0,0,710,100.0,0.0,0.0,
812,2014-2015,HK02,1905,LLCT150105,9940,5,0,0,5,100.0,0.0,0.0,
813,2014-2015,HK02,1905,LLCT150105,9100,125,0,0,125,100.0,0.0,0.0,
814,2014-2015,HK02,1913,PHED110513,3812,463,25,3,491,94.3,5.1,0.6,
815,2014-2015,HK02,1913,PHED110513,272,65,2,0,67,97.0,3.0,0.0,
816,2014-2015,HK02,1913,PHED110513,4571,32,0,0,32,100.0,0.0,0.0,
817,2014-2015,HK02,1913,PHED110613,555,309,21,0,330,93.6,6.4,0.0,
818,2014-2015,HK02,1913,PHED110613,4572,169,4,2,175,96.6,2.3,1.1,
819,2014-2015,HK02,1913,PHED110613,272,326,5,0,331,98.5,1.5,0.0,
820,2014-2015,HK02,1913,PHED110613,4571,360,4,0,364,98.9,1.1,0.0,
821,2014-2015,HK02,1913,PHED110613,6013,545,2,1,548,99.5,0.4,0.2,
822,2014-2015,HK02,1913,PHED110613,9894,442,1,0,443,99.8,0.2,0.0,
823,2014-2015,HK02,1913,PHED110613,4106,480,0,0,480,100.0,0.0,0.0,
824,2014-2015,HK02,1913,PHED110715,295,76,0,0,76,100.0,0.0,0.0,
825,2014-2015,HK02,1913,PHED130715,4571,39,10,0,49,79.6,20.4,0.0,
826,2014-2015,HK02,1913,PHED130715,3812,40,5,1,46,87.0,10.9,2.2,
827,2014-2015,HK02,1913,PHED130715,9958,52,0,0,52,100.0,0.0,0.0,
828,2014-2015,HK02,1913,PHED130715,4572,45,0,0,45,100.0,0.0,0.0,
829,2014-2015,HK02,1913,PHED130715,9894,45,0,0,45,100.0,0.0,0.0,
830,2014-2015,HK02,1913,PHED130715,555,45,0,0,45,100.0,0.0,0.0,
831,2014-2015,HK02,1913,PHED130715,6013,66,0,0,66,100.0,0.0,0.0,
832,2014-2015,HK02,1913,PHED130715,2170,136,0,0,136,100.0,0.0,0.0,
833,2014-2015,HK02,1913,PHED130715,272,49,0,0,49,100.0,0.0,0.0,
834,2014-2015,HK02,1913,PHED130715,4106,45,0,0,45,100.0,0.0,0.0,
835,2014-2015,HK02,1914,1005140,4764,30,0,0,30,100.0,0.0,0.0,
836,2014-2015,HK02,1914,LLCT230214,205,1265,64,14,1343,94.2,4.8,1.0,
837,2014-2015,HK02,1914,LLCT230214,4764,284,0,0,284,100.0,0.0,0.0,
838,2014-2015,HK02,1914,LLCT230214,1202,484,0,0,484,100.0,0.0,0.0,
839,2014-2015,HK02,1914,LLCT230214,2990,64,0,0,64,100.0,0.0,0.0,
840,2014-2015,HK02,1914,LLCT230214,2032,274,0,0,274,100.0,0.0,0.0,
841,2014-2015,HK02,1915,1005150,211,12,0,0,12,100.0,0.0,0.0,
842,2014-2015,HK02,1915,GELA220405,245,802,25,11,838,95.7,3.0,1.3,
843,2014-2015,HK02,1915,GELA220405,856,886,4,0,890,99.6,0.4,0.0,
844,2014-2015,HK02,1915,GELA220405,632,61,0,0,61,100.0,0.0,0.0,
845,2014-2015,HK02,1915,GELA220405,211,91,0,0,91,100.0,0.0,0.0,
846,2014-2015,HK02,1915,GELA220405,324,64,0,0,64,100.0,0.0,0.0,
847,2014-2015,HK02,1915,IVNC320905,1286,2388,0,0,2388,100.0,0.0,0.0,
848,2014-2015,HK02,1915,LLCT120314,9283,547,4,0,551,99.3,0.7,0.0,
849,2014-2015,HK02,1915,LLCT120314,88,181,0,0,181,100.0,0.0,0.0,
850,2014-2015,HK02,1915,LLCT120314,211,1379,0,0,1379,100.0,0.0,0.0,
851,2014-2015,HK02,1915,LLCT120314,1286,72,0,0,72,100.0,0.0,0.0,
852,2014-2015,HK02,1915,TVTH230138,1286,69,0,0,69,100.0,0.0,0.0,
853,2014-2015,HK02,2104,1004030,9001,17,3,0,20,85.0,15.0,0.0,
277,2014-2015,HK01,225,1225111,9805,25,0,0,25,100.0,0.0,0.0,
278,2014-2015,HK01,225,1225111,600,107,0,0,107,100.0,0.0,0.0,
279,2014-2015,HK01,225,1225120,9805,81,8,0,89,91.0,9.0,0.0,
280,2014-2015,HK01,225,1225130,1042,145,6,0,151,96.0,4.0,0.0,
281,2014-2015,HK01,225,1225140,9805,12,0,0,12,100.0,0.0,0.0,
282,2014-2015,HK01,225,1225290,1067,135,1,0,136,99.3,0.7,0.0,
283,2014-2015,HK01,225,1225290,2026,81,0,0,81,100.0,0.0,0.0,
284,2014-2015,HK01,225,1225350,1042,38,0,0,38,100.0,0.0,0.0,
285,2014-2015,HK01,225,1225360,1041,28,9,2,39,71.8,23.1,5.1,
286,2014-2015,HK01,225,1225370,719,36,1,0,37,97.3,2.7,0.0,
287,2014-2015,HK01,225,1225380,1041,11,5,4,20,55.0,25.0,20.0,Cảnh báo điểm QT cao nhiều so với điểm thi
288,2014-2015,HK01,225,1225390,6000,22,2,0,24,91.7,8.3,0.0,
289,2014-2015,HK01,225,ERMA321025,2026,77,13,0,90,85.6,14.4,0.0,
290,2014-2015,HK01,225,ERMA321025,1067,18,0,0,18,100.0,0.0,0.0,
291,2014-2015,HK01,225,FMMT330825,2029,148,85,92,325,45.5,26.2,28.3,Cảnh báo điểm QT cao nhiều so với điểm thi
292,2014-2015,HK01,225,FMMT330825,9925,144,41,23,208,69.2,19.7,11.1,
293,2014-2015,HK01,225,FMMT330825,4037,271,40,15,326,83.1,12.3,4.6,
294,2014-2015,HK01,225,FMMT330825,1035,149,8,3,160,93.1,5.0,1.9,
295,2014-2015,HK01,225,MTNC340925,1041,30,11,0,41,73.2,26.8,0.0,
296,2014-2015,HK01,225,MTNC340925,346,98,21,4,123,79.7,17.1,3.3,
297,2014-2015,HK01,225,TOMT220125,347,61,8,0,69,88.4,11.6,0.0,
298,2014-2015,HK01,225,TOMT220225,255,364,30,3,397,91.7,7.6,0.8,
299,2014-2015,HK01,225,TOMT220225,9913,55,3,0,58,94.8,5.2,0.0,
300,2014-2015,HK01,225,TOMT220225,1041,454,9,1,464,97.8,1.9,0.2,
301,2014-2015,HK01,225,TOMT220225,9147,226,1,0,227,99.6,0.4,0.0,
302,2014-2015,HK01,226,1126010,9802,136,1,0,137,99.3,0.7,0.0,
303,2014-2015,HK01,226,1126010,4055,146,1,0,147,99.3,0.7,0.0,
304,2014-2015,HK01,226,1126010,668,254,0,0,254,100.0,0.0,0.0,
305,2014-2015,HK01,226,1126010,9967,236,0,0,236,100.0,0.0,0.0,
306,2014-2015,HK01,226,1126010,1046,224,0,0,224,100.0,0.0,0.0,
307,2014-2015,HK01,226,1126020,1051,125,1,0,126,99.2,0.8,0.0,
308,2014-2015,HK01,226,1126030,9967,29,2,0,31,93.5,6.5,0.0,
309,2014-2015,HK01,226,1126030,9802,63,2,0,65,96.9,3.1,0.0,
310,2014-2015,HK01,226,1126070,9802,45,41,29,115,39.1,35.7,25.2,Cảnh báo điểm QT cao nhiều so với điểm thi
311,2014-2015,HK01,226,1226120,1051,15,0,0,15,100.0,0.0,0.0,
312,2014-2015,HK01,226,1226130,9802,15,0,0,15,100.0,0.0,0.0,
313,2014-2015,HK01,226,1226140,1047,15,0,0,15,100.0,0.0,0.0,
314,2014-2015,HK01,226,ENMA220126,9802,107,82,26,215,49.8,38.1,12.1,Cảnh báo điểm QT cao nhiều so với điểm thi
315,2014-2015,HK01,226,ENMA220126,668,90,9,0,99,90.9,9.1,0.0,
316,2014-2015,HK01,226,ENMA220126,9967,87,8,3,98,88.8,8.2,3.1,
317,2014-2015,HK01,226,MASI220226,135,15,9,11,35,42.9,25.7,31.4,Cảnh báo điểm QT cao nhiều so với điểm thi
318,2014-2015,HK01,226,MASI220226,668,150,35,5,190,78.9,18.4,2.6,
319,2014-2015,HK01,226,MASI220226,1047,25,3,3,31,80.6,9.7,9.7,
320,2014-2015,HK01,226,METE320126,667,19,1,0,20,95.0,5.0,0.0,
321,2014-2015,HK01,226,METE330126,1051,347,28,0,375,92.5,7.5,0.0,
322,2014-2015,HK01,226,METE330126,667,103,8,0,111,92.8,7.2,0.0,
323,2014-2015,HK01,226,METE330126,4603C,14,1,0,15,93.3,6.7,0.0,
324,2014-2015,HK01,226,METE330126,1073,51,1,0,52,98.1,1.9,0.0,
325,2014-2015,HK01,228,1228020,352,46,7,0,53,86.8,13.2,0.0,
326,2014-2015,HK01,229,1129010,9306,95,33,47,175,54.3,18.9,26.9,Cảnh báo điểm QT cao nhiều so với điểm thi
327,2014-2015,HK01,229,1129100,9952,73,0,0,73,100.0,0.0,0.0,
328,2014-2015,HK01,229,1129100,3513,86,0,0,86,100.0,0.0,0.0,
329,2014-2015,HK01,229,1129100,493,178,0,0,178,100.0,0.0,0.0,
330,2014-2015,HK01,229,1129110,9893,30,6,2,38,78.9,15.8,5.3,
331,2014-2015,HK01,229,1129351,9932,79,0,0,79,100.0,0.0,0.0,
332,2014-2015,HK01,229,1129351,6000,80,0,0,80,100.0,0.0,0.0,
333,2014-2015,HK01,229,1129351,4122,49,0,0,49,100.0,0.0,0.0,
334,2014-2015,HK01,229,1229110,9307,18,15,2,35,51.4,42.9,5.7,Cảnh báo điểm QT cao nhiều so với điểm thi
335,2014-2015,HK01,229,1229130,1098,164,38,9,211,77.7,18.0,4.3,
336,2014-2015,HK01,229,1229141,604,26,0,0,26,100.0,0.0,0.0,
337,2014-2015,HK01,229,1229141,9932,21,0,0,21,100.0,0.0,0.0,
338,2014-2015,HK01,229,1229141,9306,17,0,0,17,100.0,0.0,0.0,
339,2014-2015,HK01,229,1229141,116,21,0,0,21,100.0,0.0,0.0,
340,2014-2015,HK01,229,1229141,1098,20,0,0,20,100.0,0.0,0.0,
341,2014-2015,HK01,229,1229141,4017,19,0,0,19,100.0,0.0,0.0,
342,2014-2015,HK01,229,1229141,9996,19,0,0,19,100.0,0.0,0.0,
343,2014-2015,HK01,229,1229300,1177,13,10,5,28,46.4,35.7,17.9,Cảnh báo điểm QT cao nhiều so với điểm thi
344,2014-2015,HK01,229,1229300,9996,170,2,0,172,98.8,1.2,0.0,
345,2014-2015,HK01,229,1229310,116,96,28,3,127,75.6,22.0,2.4,
346,2014-2015,HK01,229,1229310,2922,27,0,0,27,100.0,0.0,0.0,
347,2014-2015,HK01,229,1229340,4122,78,11,5,94,83.0,11.7,5.3,
348,2014-2015,HK01,229,1229340,243,131,1,0,132,99.2,0.8,0.0,
349,2014-2015,HK01,229,1229350,6000,134,20,6,160,83.8,12.5,3.8,
350,2014-2015,HK01,229,1229350,9932,19,0,0,19,100.0,0.0,0.0,
351,2014-2015,HK01,229,1229480,2029,22,8,4,34,64.7,23.5,11.8,
352,2014-2015,HK01,229,1229480,9895,134,23,5,162,82.7,14.2,3.1,
353,2014-2015,HK01,229,APEN331329,256,183,19,6,208,88.0,9.1,2.9,
354,2014-2015,HK01,229,AUCO330229,2029,63,0,0,63,100.0,0.0,0.0,
355,2014-2015,HK01,229,AUCO330229,9932,29,0,0,29,100.0,0.0,0.0,
356,2014-2015,HK01,229,DTMC240929,9307,42,23,7,72,58.3,31.9,9.7,Cảnh báo điểm QT cao nhiều so với điểm thi
357,2014-2015,HK01,229,EEEN230129,604,23,2,0,25,92.0,8.0,0.0,
358,2014-2015,HK01,229,EEEN230129,184,71,5,2,78,91.0,6.4,2.6,
359,2014-2015,HK01,229,EEEN230129,9893,165,6,0,171,96.5,3.5,0.0,
360,2014-2015,HK01,229,MPAU320729,6000,39,10,4,53,73.6,18.9,7.5,
361,2014-2015,HK01,229,MPAU320729,4122,137,16,11,164,83.5,9.8,6.7,
362,2014-2015,HK01,229,PNHY330529,2063,105,0,0,105,100.0,0.0,0.0,
363,2014-2015,HK01,229,PNHY330529,1098,125,0,0,125,100.0,0.0,0.0,
364,2014-2015,HK01,330,1130040,9277,66,7,0,73,90.4,9.6,0.0,
365,2014-2015,HK01,330,1230030,9056,37,4,0,41,90.2,9.8,0.0,
366,2014-2015,HK01,330,1230100,9974,25,0,0,25,100.0,0.0,0.0,
367,2014-2015,HK01,330,1230100,1088,199,0,0,199,100.0,0.0,0.0,
368,2014-2015,HK01,330,ICEP330330,9974,150,27,8,185,81.1,14.6,4.3,
369,2014-2015,HK01,330,ICEP330330,9277,140,18,3,161,87.0,11.2,1.9,
370,2014-2015,HK01,331,1104115,2144,98,0,0,98,100.0,0.0,0.0,
371,2014-2015,HK01,331,1231011,2016,103,8,5,116,88.8,6.9,4.3,
372,2014-2015,HK01,331,1231012,2016,71,22,29,122,58.2,18.0,23.8,Cảnh báo điểm QT cao nhiều so với điểm thi
373,2014-2015,HK01,331,1231030,2016,14,2,0,16,87.5,12.5,0.0,
374,2014-2015,HK01,331,1231050,2144,56,12,4,72,77.8,16.7,5.6,
375,2014-2015,HK01,331,1231060,2144,172,41,11,224,76.8,18.3,4.9,
376,2014-2015,HK01,331,1231060,2019,22,0,0,22,100.0,0.0,0.0,
377,2014-2015,HK01,331,THOV330131,2016,65,20,22,107,60.7,18.7,20.6,
378,2014-2015,HK01,331,THOV330131,5,25,1,0,26,96.2,3.8,0.0,
379,2014-2015,HK01,332,1132100,2025,68,1,0,69,98.6,1.4,0.0,
380,2014-2015,HK01,332,1132101,1241,10,1,0,11,90.9,9.1,0.0,
381,2014-2015,HK01,332,1132170,2169,75,0,0,75,100.0,0.0,0.0,
382,2014-2015,HK01,332,1232020,2169,39,0,0,39,100.0,0.0,0.0,
383,2014-2015,HK01,332,1232070,9924,92,1,0,93,98.9,1.1,0.0,
384,2014-2015,HK01,332,1232100,2171,96,1,0,97,99.0,1.0,0.0,
385,2014-2015,HK01,332,1232110,1242,40,10,2,52,76.9,19.2,3.8,
386,2014-2015,HK01,332,1232130,9924,67,10,0,77,87.0,13.0,0.0,
387,2014-2015,HK01,332,1232140,2035,41,0,0,41,100.0,0.0,0.0,
388,2014-2015,HK01,332,1232160,9924,20,3,0,23,87.0,13.0,0.0,
389,2014-2015,HK01,332,1232160,2169,82,7,0,89,92.1,7.9,0.0,
390,2014-2015,HK01,332,1832150,1242,26,0,0,26,100.0,0.0,0.0,
391,2014-2015,HK01,332,1832160,4703,25,0,0,25,100.0,0.0,0.0,
392,2014-2015,HK01,332,1832170,1242,23,0,0,23,100.0,0.0,0.0,
393,2014-2015,HK01,332,1832170,4703,26,0,0,26,100.0,0.0,0.0,
394,2014-2015,HK01,332,1832180,1241,66,1,0,67,98.5,1.5,0.0,
395,2014-2015,HK01,332,1832180,4766,20,0,0,20,100.0,0.0,0.0,
396,2014-2015,HK01,332,1832190,66,23,0,0,23,100.0,0.0,0.0,
397,2014-2015,HK01,332,1832190,4766,22,0,0,22,100.0,0.0,0.0,
398,2014-2015,HK01,332,BOIT330632,9786,139,0,0,139,100.0,0.0,0.0,
399,2014-2015,HK01,332,COMP340732,2035,141,0,0,141,100.0,0.0,0.0,
400,2014-2015,HK01,332,ENEC320832,9786,49,0,0,49,100.0,0.0,0.0,
401,2014-2015,HK01,332,ENTE220432,9786,134,1,0,135,99.3,0.7,0.0,
402,2014-2015,HK01,332,FLUI220132,2025,102,0,0,102,100.0,0.0,0.0,
403,2014-2015,HK01,332,HEEX321532,2171,24,1,0,25,96.0,4.0,0.0,
404,2014-2015,HK01,332,PFCO330232,2025,98,20,4,122,80.3,16.4,3.3,
405,2014-2015,HK01,332,PHEQ220332,2025,149,28,6,183,81.4,15.3,3.3,
406,2014-2015,HK01,332,PTPA321632,9924,72,5,2,79,91.1,6.3,2.5,
407,2014-2015,HK01,332,THER222932,9786,29,3,1,33,87.9,9.1,3.0,
408,2014-2015,HK01,332,THER222932,1050,340,19,7,366,92.9,5.2,1.9,
409,2014-2015,HK01,332,THER222932,2171,161,8,7,176,91.5,4.5,4.0,
410,2014-2015,HK01,332,THER222932,9,90,2,1,93,96.8,2.2,1.1,
411,2014-2015,HK01,332,THER222932,2169,221,2,4,227,97.4,0.9,1.8,
412,2014-2015,HK01,332,THER223032,66,13,5,2,20,65.0,25.0,10.0,
413,2014-2015,HK01,332,THER240232,1050,169,33,7,209,80.9,15.8,3.3,
414,2014-2015,HK01,332,THMA221332,9924,121,1,0,122,99.2,0.8,0.0,
415,2014-2015,HK01,332,THME221432,9924,111,14,0,125,88.8,11.2,0.0,
416,2014-2015,HK01,333,1230040,412,125,38,6,169,74.0,22.5,3.6,
417,2014-2015,HK01,333,1230040,9056,73,17,3,93,78.5,18.3,3.2,
418,2014-2015,HK01,333,1230040,9990,25,1,0,26,96.2,3.8,0.0,
419,2014-2015,HK01,333,1230150,1205,278,0,0,278,100.0,0.0,0.0,
420,2014-2015,HK01,333,1233010,1243,177,3,0,180,98.3,1.7,0.0,
421,2014-2015,HK01,333,1233010,3982,40,0,0,40,100.0,0.0,0.0,
422,2014-2015,HK01,333,AMIC321233,9990,59,2,0,61,96.7,3.3,0.0,
423,2014-2015,HK01,333,HREE231133,9990,88,12,2,102,86.3,11.8,2.0,
424,2014-2015,HK01,417,1104121,712,45,0,0,45,100.0,0.0,0.0,
425,2014-2015,HK01,417,1117190,4701,57,0,0,57,100.0,0.0,0.0,
426,2014-2015,HK01,417,1217050,9018,82,3,0,85,96.5,3.5,0.0,
427,2014-2015,HK01,417,1217220,712,40,2,0,42,95.2,4.8,0.0,
428,2014-2015,HK01,417,1217240,267,156,8,1,165,94.5,4.8,0.6,
429,2014-2015,HK01,417,1217240,4574,46,0,0,46,100.0,0.0,0.0,
430,2014-2015,HK01,417,1217270,389,106,4,1,111,95.5,3.6,0.9,
431,2014-2015,HK01,417,ARCH230217,4563,210,13,0,223,94.2,5.8,0.0,
432,2014-2015,HK01,417,ARCH230217,4080,54,0,0,54,100.0,0.0,0.0,
433,2014-2015,HK01,417,COMP211117,9800,141,0,0,141,100.0,0.0,0.0,
434,2014-2015,HK01,417,COMP211117,4576,125,0,0,125,100.0,0.0,0.0,
435,2014-2015,HK01,417,ENDP120317,267,28,1,0,29,96.6,3.4,0.0,
436,2014-2015,HK01,417,ENDP120317,4576,54,1,0,55,98.2,1.8,0.0,
437,2014-2015,HK01,417,ENDP120317,4566,75,1,0,76,98.7,1.3,0.0,
438,2014-2015,HK01,417,ENDP120317,39,54,0,0,54,100.0,0.0,0.0,
439,2014-2015,HK01,417,RCBS320817,389,73,15,10,98,74.5,15.3,10.2,
440,2014-2015,HK01,417,RCBS320817,39,88,7,0,95,92.6,7.4,0.0,
441,2014-2015,HK01,417,RCBS320817,4566,60,4,3,67,89.6,6.0,4.5,
442,2014-2015,HK01,417,RCST240617,4566,37,4,1,42,88.1,9.5,2.4,
443,2014-2015,HK01,417,STME240517,9787,93,13,0,106,87.7,12.3,0.0,
444,2014-2015,HK01,417,STST240917,724,74,20,13,107,69.2,18.7,12.1,
445,2014-2015,HK01,417,STST240917,1230,59,11,1,71,83.1,15.5,1.4,
446,2014-2015,HK01,417,STST240917,9018,50,5,0,55,90.9,9.1,0.0,
447,2014-2015,HK01,417,WSSE221317,4701,146,12,1,159,91.8,7.5,0.6,
448,2014-2015,HK01,417,WSSE221317,4053,78,6,1,85,91.8,7.1,1.2,
449,2014-2015,HK01,417,WSSE221317,4719,19,1,0,20,95.0,5.0,0.0,
450,2014-2015,HK01,418,1217230,587,169,0,0,169,100.0,0.0,0.0,
451,2014-2015,HK01,418,EGEP210218,4023,75,0,0,75,100.0,0.0,0.0,
452,2014-2015,HK01,418,EGEP210218,4046,71,0,0,71,100.0,0.0,0.0,
453,2014-2015,HK01,418,EGEP210218,1266,102,0,0,102,100.0,0.0,0.0,
454,2014-2015,HK01,418,ENGE220118,1266,232,33,5,270,85.9,12.2,1.9,
455,2014-2015,HK01,418,FOEN330518,4573,113,45,25,183,61.7,24.6,13.7,
456,2014-2015,HK01,418,FOEN330518,587,78,10,3,91,85.7,11.0,3.3,
457,2014-2015,HK01,419,1217170,489,64,2,0,66,97.0,3.0,0.0,
458,2014-2015,HK01,419,1217190,4573,180,4,3,187,96.3,2.1,1.6,
459,2014-2015,HK01,419,1217290,1128,44,3,0,47,93.6,6.4,0.0,
460,2014-2015,HK01,419,1217310,266,128,7,1,136,94.1,5.1,0.7,
461,2014-2015,HK01,419,1217390,4810,173,23,8,204,84.8,11.3,3.9,
462,2014-2015,HK01,419,1217390,489,13,0,0,13,100.0,0.0,0.0,
463,2014-2015,HK01,419,COTE340319,4590,235,30,6,271,86.7,11.1,2.2,
464,2014-2015,HK01,421,1121011,4118,78,27,10,115,67.8,23.5,8.7,
465,2014-2015,HK01,421,1121011,17,71,17,8,96,74.0,17.7,8.3,
466,2014-2015,HK01,421,1121030,1113,2,6,5,13,15.4,46.2,38.5,Cảnh báo điểm QT cao nhiều so với điểm thi
467,2014-2015,HK01,421,1121080,16,19,22,15,56,33.9,39.3,26.8,Cảnh báo điểm QT cao nhiều so với điểm thi
468,2014-2015,HK01,421,1121080,2004,29,13,29,71,40.8,18.3,40.8,Cảnh báo điểm QT cao nhiều so với điểm thi
469,2014-2015,HK01,421,1121080,9181,16,10,29,55,29.1,18.2,52.7,Cảnh báo điểm QT cao nhiều so với điểm thi
470,2014-2015,HK01,421,1121080,4118,62,14,12,88,70.5,15.9,13.6,
471,2014-2015,HK01,421,1121170,2004,77,14,10,101,76.2,13.9,9.9,
472,2014-2015,HK01,421,1121170,9242,19,0,0,19,100.0,0.0,0.0,
247,2014-2015,HK02,225,IMAS320525,2184,85,51,11,147,57.8,34.7,7.5,Cảnh báo điểm QT cao nhiều so với điểm thi
248,2014-2015,HK02,225,IMAS320525,346,160,6,0,166,96.4,3.6,0.0,
473,2014-2015,HK01,421,1121190,1113,12,10,12,34,35.3,29.4,35.3,Cảnh báo điểm QT cao nhiều so với điểm thi
474,2014-2015,HK01,421,ACMC120421,696,87,4,0,91,95.6,4.4,0.0,
475,2014-2015,HK01,421,ACMC120421,1116,151,0,0,151,100.0,0.0,0.0,
476,2014-2015,HK01,421,ENME230121,1112,29,2,1,32,90.6,6.3,3.1,
477,2014-2015,HK01,421,ENVI320921,9242,73,7,2,82,89.0,8.5,2.4,
478,2014-2015,HK01,421,FUME130221,1112,29,8,8,45,64.4,17.8,17.8,
479,2014-2015,HK01,421,METE210321,9383,375,1,0,376,99.7,0.3,0.0,
480,2014-2015,HK01,421,METE210321,1127,364,0,0,364,100.0,0.0,0.0,
481,2014-2015,HK01,421,STMA230521,2004,31,22,14,67,46.3,32.8,20.9,Cảnh báo điểm QT cao nhiều so với điểm thi
482,2014-2015,HK01,421,STMA230521,4118,21,7,1,29,72.4,24.1,3.4,
483,2014-2015,HK01,421,STMA230521,204,16,5,2,23,69.6,21.7,8.7,
484,2014-2015,HK01,421,STMA230521,9181,50,10,1,61,82.0,16.4,1.6,
485,2014-2015,HK01,421,STMA230521,9242,85,5,1,91,93.4,5.5,1.1,
486,2014-2015,HK01,421,STMA240121,9181,24,10,5,39,61.5,25.6,12.8,
487,2014-2015,HK01,421,STMA240121,4810,78,30,14,122,63.9,24.6,11.5,
488,2014-2015,HK01,421,STMA240121,724,22,2,0,24,91.7,8.3,0.0,
489,2014-2015,HK01,421,STMA240121,712,19,0,0,19,100.0,0.0,0.0,
490,2014-2015,HK01,421,THME220821,4022,22,17,14,53,41.5,32.1,26.4,Cảnh báo điểm QT cao nhiều so với điểm thi
491,2014-2015,HK01,421,THME220821,17,38,6,2,46,82.6,13.0,4.3,
492,2014-2015,HK01,421,THME230721,90,11,13,19,43,25.6,30.2,44.2,Cảnh báo điểm QT cao nhiều so với điểm thi
493,2014-2015,HK01,421,THME230721,17,86,58,55,199,43.2,29.1,27.6,Cảnh báo điểm QT cao nhiều so với điểm thi
494,2014-2015,HK01,421,THME230721,204,80,43,35,158,50.6,27.2,22.2,Cảnh báo điểm QT cao nhiều so với điểm thi
495,2014-2015,HK01,421,THME230721,2,30,13,6,49,61.2,26.5,12.2,
496,2014-2015,HK01,421,THME230721,4118,203,78,32,313,64.9,24.9,10.2,
497,2014-2015,HK01,421,THME230721,1111,51,45,118,214,23.8,21.0,55.1,Cảnh báo điểm QT cao nhiều so với điểm thi
498,2014-2015,HK01,421,THME230721,513,16,4,10,30,53.3,13.3,33.3,Cảnh báo điểm QT cao nhiều so với điểm thi
499,2014-2015,HK01,421,THME230721,4022,7,6,106,119,5.9,5.0,89.1,Cảnh báo điểm QT cao nhiều so với điểm thi
500,2014-2015,HK01,555,1257081,4447,19,1,0,20,95.0,5.0,0.0,
249,2014-2015,HK02,225,MMAT431525,1035,61,22,2,85,71.8,25.9,2.4,
